geoid,lat,lon,population
484530367003,30.1924564,-97.9016538,2150
484530013121,30.2460782,-97.7620349,1032
484910205172,30.5004101,-97.742775,1026
484910215092,30.5818724,-97.6497288,1993
484910208183,30.5633553,-97.6113322,3907
484530412001,30.4000489,-97.6816424,1782
484530403001,30.3463938,-97.68552,2272
484530446001,30.4251934,-97.6389603,2126
484530006063,30.2894014,-97.746111,1008
484530021054,30.3169564,-97.7053727,2098
484530024481,30.2112627,-97.698215,391
484530442001,30.4301484,-97.663273,6386
484530021103,30.271753,-97.6795485,1632
484910212033,30.5792669,-97.4139504,625
484910213003,30.7103392,-97.4457168,564
484530434002,30.3247377,-97.7012658,1998
484530333001,30.1632825,-97.8688188,1578
484530312003,30.2208956,-97.8709661,1220
484530013041,30.2432154,-97.7739904,1600
484530013044,30.2495826,-97.7704511,750
484530002041,30.3003039,-97.7429433,1034
484530019142,30.2471097,-97.835392,1320
484530010005,30.253259,-97.7333118,507
484530021113,30.2582523,-97.6793836,2550
484530023143,30.2287064,-97.7233906,2046
484910207061,30.5156715,-97.6172765,2794
484910205091,30.503101,-97.763969,2898
484530414002,30.4196744,-97.7127716,1807
484530452001,30.4254636,-97.6933457,2331
484530421001,30.4219858,-97.6985626,522
484530024422,30.1769989,-97.7552475,2019
484530402002,30.3266444,-97.680705,1621
484530015014,30.342315,-97.7425532,1774
484530015031,30.3200145,-97.719512,1371
484530003042,30.3105055,-97.7192952,1594
484530002031,30.3080669,-97.7379856,562
484910208201,30.5381458,-97.5536571,2404
484530008022,30.274356,-97.7038305,1208
484530022111,30.2742994,-97.6192562,4690
484530024361,30.1265807,-97.6818965,1345
484530406001,30.3661798,-97.7011105,1295
484530006051,30.2968138,-97.748605,1231
484910201212,30.6410799,-97.6929959,492
484910201062,30.7058887,-97.6869866,1073
484910206091,30.5671048,-97.756866,938
484530024111,30.2084521,-97.7468474,1713
484530453002,30.3974697,-97.7129951,2170
484530417002,30.389777,-97.6955838,1294
484530024093,30.2032719,-97.7942807,1108
484530024101,30.2092503,-97.7845904,1897
484910203321,30.5607856,-97.8517988,734
484530024383,30.1685821,-97.8137161,1316
484530320001,30.2254932,-97.836736,1268
484530310002,30.2069478,-97.8333743,786
484530310001,30.2054581,-97.824768,1556
484530360001,30.5427554,-97.9046081,638
484530362001,30.5290497,-97.9118007,2473
484530403004,30.3533277,-97.6888401,1050
484530361001,30.5286086,-97.8795544,5762
484530342002,30.4378031,-97.7478964,1173
484530420002,30.4312879,-97.7190377,1363
484530019231,30.2600636,-97.7778863,2036
484530464002,30.4738854,-97.6603794,2436
484530436002,30.3366945,-97.6648121,1866
484530341002,30.444446,-97.7483081,1272
484530012004,30.2678356,-97.7544259,3571
484530462001,30.4777105,-97.6349758,3922
484530023041,30.2442403,-97.7278838,1498
484530443003,30.4253426,-97.6505522,1798
484530023253,30.2326242,-97.7021236,2114
484530400001,30.3381903,-97.7057278,1989
484530024381,30.1572832,-97.8146341,3247
484530359001,30.556172,-97.9308508,367
484530306005,30.3475684,-97.7679433,1542
484530332001,30.1331438,-97.8410832,3244
484530024371,30.1659019,-97.7948187,1959
484530020032,30.2191547,-97.7700294,1800
484530019141,30.247825,-97.8260227,1045
484910206092,30.5766938,-97.7319486,1434
484910202052,30.7388029,-97.8156608,2115
484910215171,30.5223288,-97.6653614,1074
484910202051,30.7091936,-97.855148,2341
484910208221,30.6582468,-97.6175791,2497
484910201201,30.6646698,-97.8474905,4395
484910203342,30.4773104,-97.8240389,1250
484530019113,30.2658389,-97.7751242,815
484530321002,30.2247727,-97.8151063,1237
484530465002,30.4502166,-97.660526,1153
484530441002,30.4396877,-97.6500055,2082
484530468001,30.4779753,-97.5597221,4805
484530024192,30.1903837,-97.7644093,1739
484530024531,30.1739072,-97.5919032,703
484530352001,30.4047583,-98.0450453,2486
484910208222,30.6141149,-97.5715807,1209
484530439003,30.4123175,-97.6630974,1655
482090109201,30.0241697,-97.7473311,3137
482090109171,29.9663893,-97.859477,5034
484910204041,30.4573491,-97.8154575,1775
484530019181,30.2998867,-97.8009244,778
484530021132,30.3144843,-97.6755752,1119
484530349001,30.3806574,-97.8900018,3109
484530469003,30.4607081,-97.5892047,2745
482090108131,30.027242,-98.1359745,901
482090109181,29.9652848,-97.8406646,3412
484910201141,30.6722298,-97.6921372,2500
482090109111,30.1131015,-97.853304,2435
482090109232,30.0771598,-97.8017404,8144
484530021121,30.3179053,-97.68751,1073
484910201081,30.6988531,-97.6759821,646
484910204111,30.4660938,-97.7386536,3343
484910204103,30.445995,-97.7616316,1272
484910207043,30.5001238,-97.6646428,2457
484530022011,30.3194947,-97.6548921,1635
484530368002,30.1851523,-97.8767129,1914
484530444004,30.439274,-97.6403719,876
484910214022,30.636895,-97.6780252,1661
484910214024,30.6258987,-97.6861639,1231
484530023212,30.234071,-97.6902858,898
484530431002,30.3526208,-97.6935937,690
484530023243,30.2355622,-97.7175168,731
484530024191,30.1954505,-97.7637023,1083
482090108071,30.1335384,-98.126104,2851
482090108072,30.1389062,-98.1960435,1442
482090108061,30.1325507,-98.0565067,2029
484530370001,30.3260023,-97.9852552,2144
484530005004,30.2935354,-97.7308719,489
484530023252,30.2275429,-97.7046691,718
484530023254,30.2323182,-97.7143954,608
484530022222,30.2974783,-97.6292813,1006
484530022152,30.2627215,-97.5917232,2612
484530350003,30.3619897,-97.8855373,3459
484530435001,30.3806358,-97.6485117,1566
484530357001,30.4576894,-97.8565544,1508
484530407005,30.3737784,-97.7171922,1194
484910205083,30.5000715,-97.7826965,736
484910203502,30.5190348,-97.8033146,2229
484530449001,30.3984263,-97.6143687,2570
484530305002,30.3784637,-97.7894043,1809
484530022012,30.3072252,-97.6550924,856
484530019102,30.2676259,-97.8127632,1102
484530021063,30.3057436,-97.6934095,1131
484530402001,30.3257814,-97.688573,1551
484530320002,30.2342266,-97.8327806,1268
484530436003,30.3333438,-97.6761858,1030
482090109191,30.0250173,-97.8420305,6119
482090108142,30.0293179,-98.1149136,2097
482090103073,29.8868663,-97.9209624,1012
482090103023,29.8768508,-97.9250003,2661
484530012005,30.270168,-97.7598134,586
484530400004,30.3475531,-97.707704,1313
484530302002,30.3780879,-97.7426101,1035
484530016032,30.3050217,-97.7556922,932
484530016033,30.2968156,-97.7525856,345
484530347002,30.2227777,-97.8814398,2995
484530013042,30.2543893,-97.7723068,1429
482090108133,30.0384256,-98.1590662,357
482090108112,30.027916,-98.2245424,2173
482090109132,30.0489282,-97.8529009,2615
482090109121,30.1403641,-97.9405419,5895
482090108122,29.9966053,-98.0496782,458
482090108063,30.1730489,-98.0659967,1470
482090108181,30.2899527,-98.1442884,1966
482090108172,30.2441676,-98.1836942,1968
482090109141,30.083739,-97.9535376,1456
482090103092,29.924851,-97.8978962,1955
482090102004,29.8895334,-97.9500331,2017
484530376001,30.384099,-97.9981721,1671
484910201161,30.7293675,-97.6947545,2470
484910203351,30.502619,-97.8417687,2719
484530311001,30.2015359,-97.9406526,3280
484530019222,30.250589,-97.7900043,1119
484530459001,30.377896,-97.5003645,9632
484530355002,30.4749754,-97.8517555,1979
484910204091,30.4697526,-97.7638348,4029
484910208082,30.6023035,-97.4603092,779
484910201082,30.69012,-97.6650743,1167
484910202031,30.7263235,-97.7361764,847
484530453001,30.4050765,-97.7069675,1851
484910207072,30.5012635,-97.6514352,2529
484910216022,30.7156334,-97.5907476,2018
484530020062,30.2350232,-97.7761059,1256
484530401003,30.3596238,-97.7099045,1035
484530409004,30.369921,-97.7015678,2037
484530406003,30.3615461,-97.7013235,1332
484530024453,30.1198556,-97.7723466,3038
484530367001,30.1884811,-97.8958799,2343
484530415002,30.3832595,-97.6693418,1156
484530024032,30.2068841,-97.765919,1071
484530019162,30.3041386,-97.8520034,801
484530005001,30.2985208,-97.7378186,1408
484530023074,30.2302088,-97.7396708,929
484530023132,30.2253461,-97.7324983,1668
484530023131,30.2183867,-97.7237709,1795
484530427001,30.4603664,-97.64134,1991
484530019143,30.2513378,-97.8428626,1323
484530404001,30.3677025,-97.7294557,913
484530405001,30.3664207,-97.7234381,2719
484530019201,30.2494198,-97.8896082,1832
484530311002,30.226494,-97.9019313,1868
484530459002,30.3574773,-97.5254795,4519
484530357002,30.4647918,-97.842094,877
484530405002,30.3554686,-97.7182668,2160
484530401001,30.3559507,-97.7126267,2224
484530418003,30.3938058,-97.6995756,356
484530401002,30.3564425,-97.7045101,1224
484530465001,30.4625119,-97.6582189,1978
484530432001,30.349891,-97.6957848,1593
484530431003,30.3552366,-97.6974369,566
484530321003,30.2143161,-97.8173585,2039
484530023261,30.244493,-97.7125417,908
484530343002,30.4433149,-97.8221276,1641
484530301001,30.3819418,-97.7565299,941
484530351001,30.3436009,-97.911801,4102
484530303002,30.2205495,-97.8007793,1463
484530304003,30.2146481,-97.8058099,1747
484530021101,30.2689593,-97.6846525,890
484530021111,30.2682835,-97.6923533,1448
484530021112,30.2540528,-97.6948384,1378
484910203231,30.5367259,-97.8542268,2359
484910207132,30.494424,-97.6251055,1790
484530331002,30.359797,-97.9916606,1725
480559604002,29.8867307,-97.6758234,502
484910203493,30.5212089,-97.8216697,1777
480559602004,29.8739951,-97.664481,833
480559603003,29.8623269,-97.6967152,1652
484530443002,30.4184988,-97.6541239,2428
484530014012,30.2572229,-97.7446876,539
484530342003,30.4322725,-97.752259,1818
484530022172,30.3444148,-97.5337667,3967
484530456001,30.459202,-97.6842684,1700
484530469001,30.4547865,-97.5673635,3568
484530346002,30.4067403,-97.846335,2996
484530024483,30.1829936,-97.7262826,2868
484530013091,30.2651797,-97.7605954,1526
484530354003,30.359849,-98.0159949,2281
484530422003,30.4122241,-97.695276,2449
484530305001,30.3966919,-97.8043068,3527
484530024402,30.1433152,-97.7448582,4641
484530327001,30.4249217,-97.7730178,2216
484530407004,30.375428,-97.7141391,1626
484530023141,30.2311144,-97.7241938,180
484530024302,30.1699219,-97.7492264,80
484530024301,30.1740721,-97.7480789,0
484530024092,30.2047319,-97.7976365,1069
484530426001,30.4542903,-97.6390735,1487
484530002063,30.3280186,-97.7412785,1305
484530025002,30.4210139,-97.7533129,1135
484530024231,30.1793742,-97.8054217,1678
484530019151,30.2405635,-97.8366971,3233
484530359003,30.5602107,-97.9004819,230
484530341003,30.4407482,-97.7442423,1681
480219503011,30.1272044,-97.3614341,1225
484530310003,30.1981269,-97.8353925,2127
484530023221,30.2249124,-97.7587391,1960
484530024421,30.1812544,-97.7552919,1201
484530306002,30.3544513,-97.762789,1424
484530306004,30.3447796,-97.7589532,1065
484530306003,30.3466117,-97.7525795,1350
484530319002,30.165058,-97.8255046,1527
484530006064,30.2891904,-97.7429845,1426
484530016053,30.282437,-97.754079,710
484530016054,30.2822969,-97.7597566,1182
480219508062,29.9432759,-97.420822,1750
480219503031,30.1445973,-97.4983991,1913
480219501011,30.2492082,-97.3808682,3360
480219508043,30.0968716,-97.5792351,1410
480219505051,30.1905899,-97.2835102,2472
480219505043,30.1942313,-97.1956124,1215
484530022201,30.3164241,-97.6404942,3940
484530011031,30.2581513,-97.7397012,2607
484910203271,30.5126837,-97.8368827,2635
484530004021,30.2876972,-97.7122116,2080
484530368001,30.1876407,-97.8877829,2364
484530403002,30.3513395,-97.6788215,1440
484530439002,30.3972428,-97.6474639,4642
482090108091,30.2191462,-98.0044381,3397
482090102002,29.8885725,-97.9383923,1190
482090101002,29.8772377,-97.9505626,1365
484530324001,30.3907522,-97.7387405,1461
484530301003,30.384552,-97.7480286,1206
484530407002,30.3727881,-97.7199207,815
484530404002,30.361396,-97.736768,872
484530023231,30.2381013,-97.748289,1327
484530354002,30.3518902,-98.0442017,739
484910203102,30.5301592,-97.7334448,1430
484910204081,30.4660085,-97.7869768,2656
484530306001,30.3512928,-97.7557519,623
484530006082,30.2836545,-97.7434434,1773
484530376002,30.4696007,-97.9367006,1035
484530365001,30.3147491,-98.0442382,5581
484530021102,30.2780303,-97.6724415,1462
484530340003,30.3297172,-97.9451891,2712
484530003025,30.3034546,-97.7346888,1116
484530022151,30.2561862,-97.5698366,1585
484910203531,30.5190347,-97.8468866,1654
484910203532,30.5252557,-97.849016,1879
484910203194,30.5596202,-97.8115424,3616
484910203191,30.5548658,-97.8372258,2480
484530024132,30.2007263,-97.7381872,1471
484910215062,30.549732,-97.6209484,2310
484910211002,30.570699,-97.4283079,1599
484530421003,30.41657,-97.6762212,1084
484530315004,30.3595298,-97.9307638,2009
484910202061,30.8417951,-97.8096985,1273
484910205162,30.4925601,-97.7702626,1097
484910202062,30.8058005,-97.8681842,1480
484910203362,30.487393,-97.8339689,1179
484530024102,30.2019092,-97.7889638,1555
484910212011,30.5870875,-97.435939,1984
484530021071,30.2896637,-97.6883221,870
484530021072,30.2959769,-97.6810896,1176
484530021073,30.3007794,-97.6789798,1321
484910201061,30.7159725,-97.6755824,1854
484530309002,30.1898798,-97.819908,2779
484530330002,30.2405798,-97.8993997,2608
484530019104,30.2680866,-97.7978191,706
484530314001,30.4179595,-97.9377329,2057
484530024431,30.203142,-97.7694308,1294
484530347003,30.2144209,-97.8881991,1287
484910203261,30.4898915,-97.8466294,2055
484530444005,30.4366947,-97.6342506,793
484530425002,30.4212769,-97.5540347,2688
484530016041,30.2992975,-97.7824293,1491
482090106032,29.8966397,-98.0344929,1410
482090108102,29.9606329,-98.1339896,1181
482090105003,29.8328983,-97.9846371,1692
482090107032,29.9026393,-97.9441081,3206
482090109161,30.007707,-97.8365666,1664
482090103051,29.8861654,-97.8986181,1563
482090103081,29.8942956,-97.9168266,869
482090108093,30.2169195,-98.0519608,3877
482090109162,29.9855008,-97.8489318,5399
484910201202,30.6678468,-97.8298197,951
484910215132,30.5412508,-97.6856318,1416
484530428001,30.4479395,-97.623758,2104
484530013111,30.2582419,-97.7524205,1323
484530024491,30.1666775,-97.6393221,4180
484530013123,30.2532837,-97.7582224,1836
484530016044,30.2951537,-97.7728125,1258
484530016051,30.291025,-97.7660167,2272
484530016052,30.2872384,-97.7593565,833
484530408003,30.3842914,-97.7110517,1965
484530405003,30.357715,-97.7260069,1449
484530330001,30.2358706,-97.8873685,3091
484530347001,30.2306459,-97.8711823,1251
482090109251,30.0123024,-97.8541016,2465
484530016043,30.3026924,-97.7715088,728
484910204063,30.4409239,-97.7684202,2089
484910205174,30.4898362,-97.7331193,2140
484910205052,30.5172627,-97.7094415,1940
484530024472,30.2065646,-97.7271093,1000
484530410001,30.3755002,-97.6839264,1562
484530374003,30.434577,-98.022071,1646
484530019202,30.2462086,-97.871677,3251
484530021093,30.2830113,-97.679436,1470
484530023161,30.2390961,-97.7290694,1568
482090109052,29.9997749,-97.8900197,2502
484910212031,30.5974452,-97.4050923,977
484530422002,30.4142999,-97.6999789,964
484530300002,30.3651822,-97.7659989,872
484530316002,30.4176999,-97.7356464,1159
484530325001,30.4089097,-97.7403605,1701
484530413002,30.4271204,-97.7270003,1157
484530023071,30.2222661,-97.7395811,1463
484530451002,30.4357046,-97.6929071,591
484530413003,30.4167388,-97.7262953,1276
484530466002,30.4908724,-97.5777846,5491
484530022181,30.3338758,-97.5319829,1078
484530013102,30.2546801,-97.7649644,1724
484530020061,30.2305719,-97.7797172,928
482090106021,29.8692876,-97.9790571,397
482090103082,29.8954517,-97.9208352,787
482090107034,29.893666,-97.9372365,653
482090109182,29.978989,-97.8562068,1874
482090103071,29.8885754,-97.9277952,842
482090108161,30.1882112,-97.9753136,2905
484910203561,30.4808163,-97.8181232,1264
484910203193,30.5548902,-97.8277141,1471
484910207131,30.493069,-97.6131425,2053
484910203512,30.546196,-97.8271639,1148
484910215162,30.5648179,-97.6538284,1407
484910203322,30.5670703,-97.8577324,3090
484910215103,30.567681,-97.6884377,957
480219502011,30.3326741,-97.3587438,1000
480219505061,30.1855475,-97.3339723,2688
480219506011,29.9640442,-97.2588996,1238
480219505031,30.1735054,-97.1055863,717
484530020021,30.2239737,-97.783038,1823
484530019203,30.2654477,-97.8977772,1783
482090107022,29.9760351,-97.9581423,1441
482090109091,30.0110912,-97.8833314,718
484530433002,30.3308302,-97.6910784,1906
484530003093,30.3020804,-97.7059301,2525
484530460001,30.4976035,-97.5923565,2271
484530317003,30.187371,-97.8417464,2441
484530462003,30.4734146,-97.6271679,1947
484910206023,30.5225067,-97.6988309,1878
484530016034,30.2932096,-97.7550104,1063
484910204113,30.4514526,-97.7549107,728
484910201213,30.6468845,-97.6948229,2129
482090109123,30.1247247,-97.8857463,1658
482090108121,30.081026,-98.0415993,2333
482090108164,30.193271,-97.9900608,1696
484530415001,30.3765768,-97.6682203,1925
484530438001,30.3835303,-97.6554838,2050
484530022131,30.2919891,-97.6465946,542
480559606001,29.7207447,-97.6175174,1498
480219508061,29.9761899,-97.5141673,1551
484910203541,30.520114,-97.8642531,2416
484910203551,30.4896817,-97.8213357,3265
484910205141,30.5221204,-97.7245846,1420
484530019101,30.2888801,-97.793555,827
484530308004,30.3994818,-97.7554046,1435
484530435003,30.3584142,-97.6613003,3120
480219508051,30.027055,-97.5556213,2161
480219502012,30.3514725,-97.3550727,1266
480219504033,30.093474,-97.3005605,1474
480219504031,30.08682,-97.3272699,1814
480559607021,29.6590017,-97.6258874,970
480559601023,29.8847615,-97.5017453,1333
480559601041,29.9488212,-97.7198252,2760
480559605021,29.7742668,-97.7355178,1684
480559601022,29.9277845,-97.5737724,2751
480559605022,29.8466449,-97.7803826,1688
480559607011,29.6961697,-97.6455604,1450
480559605013,29.8824702,-97.8703024,2356
480559601032,29.9444419,-97.6004948,2087
480559605011,29.8504258,-97.828447,1633
482090104022,29.7942508,-97.9748326,998
482090106022,29.8590412,-97.9808072,1960
482090107041,29.9423773,-98.0038667,2302
482090108123,29.9501349,-98.0563301,1437
484910212032,30.5867801,-97.4158746,1224
484530019103,30.2595416,-97.8017714,2076
484530430001,30.450066,-97.7030334,1734
484530022132,30.2859358,-97.6420721,2847
484910206082,30.5543996,-97.7394881,2000
484910206081,30.5541162,-97.7492488,2560
484910207091,30.4893682,-97.6710809,633
484910214072,30.6054879,-97.660113,4970
484910208143,30.5037677,-97.6089716,674
484910208211,30.5944695,-97.6278687,3781
484910202071,30.6881655,-97.9002307,3449
482090108132,30.0405313,-98.143701,1397
482090109223,30.0439204,-97.8319206,3977
482090106013,29.8784721,-97.9626512,776
484910201063,30.6972052,-97.6924868,1181
484910202032,30.7273641,-97.7298639,933
484910201162,30.7110428,-97.7112991,1490
484910205051,30.5132844,-97.7139817,1244
484910203453,30.5256286,-97.7639524,3843
484910206022,30.5235875,-97.6953103,665
484910204101,30.4486247,-97.7661817,1605
484910204062,30.443258,-97.7805398,1727
484910205092,30.5173825,-97.738036,1254
484910207122,30.4926189,-97.6406413,2543
484910203451,30.5175933,-97.7710549,2416
484910203481,30.5283533,-97.7980374,2939
484530403003,30.3412558,-97.6916723,1634
484530319003,30.1700246,-97.8332755,1323
484530322002,30.3649684,-97.7560623,1415
484530323002,30.3600663,-97.7486336,1606
484530024193,30.1863227,-97.7560125,1503
484530424001,30.3712927,-97.6023406,4663
484530012003,30.2792534,-97.7638158,788
484530014031,30.2363404,-97.7371275,843
484530021074,30.3052266,-97.6749459,1397
484530418001,30.3993989,-97.699842,1435
484530021081,30.2942939,-97.6707605,3146
484530021082,30.3061369,-97.6639016,1513
480219501022,30.3043772,-97.3239308,953
480219503023,30.014651,-97.3668669,827
484530011032,30.2646001,-97.7396453,1279
480219508042,30.0925302,-97.5259201,1749
480219503032,30.0996679,-97.4742469,1150
480219501013,30.2720943,-97.3516487,598
480219508041,30.0337224,-97.4856847,3377
480219508032,30.1203098,-97.5616694,1313
484530019221,30.2406956,-97.7937192,1239
484530020043,30.2351783,-97.7903521,323
480219508031,30.1313505,-97.5630049,1096
480219508053,30.0392463,-97.5823593,1226
480219504022,30.0925218,-97.2832452,1400
480219502013,30.3750764,-97.3630956,1677
480219505042,30.1585763,-97.2588962,2298
480219508052,30.067525,-97.6108115,3292
480219506021,30.0511012,-97.0808126,1241
482090109092,30.0166368,-97.8877538,2054
484530016042,30.3087824,-97.7679767,666
482090105002,29.8683409,-97.954065,1147
484910201132,30.6782494,-97.6567289,1169
484530411002,30.3875316,-97.6785511,979
484530437001,30.392312,-97.6673246,2358
482090104011,29.8575486,-97.9226288,1324
482090108163,30.1595615,-97.9945155,3318
484530353002,30.4355526,-98.0959102,1202
484530325003,30.413982,-97.7395123,1582
484530342004,30.4357618,-97.7405656,1296
484530420001,30.4376085,-97.711903,1403
484530431001,30.3581886,-97.694045,895
484530024122,30.1855734,-97.7498856,784
484530024123,30.191682,-97.7549155,1650
484530024131,30.1972215,-97.7422286,1058
484530358002,30.4156487,-97.8920461,733
484530424003,30.3820463,-97.5502382,1352
484530022192,30.3104028,-97.5907723,1596
484530024511,30.1674716,-97.77431,3646
484530006072,30.2867081,-97.7463836,1177
484530011022,30.266609,-97.7450234,807
484530020071,30.2437223,-97.7790841,750
484530013122,30.2452677,-97.7539204,1745
484910212021,30.5933646,-97.4179914,3013
484910212022,30.580528,-97.4217514,1081
484910203262,30.4796986,-97.8447299,1600
484530020022,30.2209436,-97.7891755,819
484530407003,30.3677726,-97.7144025,2450
484530312002,30.2208548,-97.8472216,1800
484530409003,30.3780333,-97.6925235,336
484910211001,30.5709103,-97.4147932,1436
484910208171,30.5557158,-97.5943145,2712
484910201222,30.6379279,-97.7377457,1336
484910203352,30.5040045,-97.828791,1139
484910202073,30.7238091,-97.911725,1405
484910201242,30.6113457,-97.7637751,1249
484910206043,30.5712205,-97.767715,5408
484910208102,30.5219928,-97.5618115,734
484910208161,30.5160192,-97.5860836,1617
484910201172,30.7400022,-97.7190056,1337
484530002042,30.3135477,-97.7457495,946
484530002043,30.3071855,-97.7445644,731
484530003041,30.3082259,-97.714499,1272
484530024522,30.185926,-97.6308751,1328
484530333005,30.1800003,-97.9137764,1894
484530023272,30.237592,-97.7126238,4239
484530023273,30.238862,-97.7065829,0
484530428002,30.4509135,-97.6341711,1592
484530348001,30.2051118,-97.8668929,1055
484530409001,30.3695822,-97.6977911,2801
484530418002,30.3944477,-97.7038707,1918
484530376003,30.4280218,-97.9599903,1513
484530024532,30.17158,-97.6156723,2708
484530022182,30.3176285,-97.5278648,3496
482090105001,29.8706669,-97.9428117,2597
482090104012,29.8577763,-97.9424351,1587
484530020031,30.2192206,-97.7781233,1614
484530020041,30.232703,-97.7888007,958
484530023043,30.2416695,-97.7204469,1508
484530009011,30.2639172,-97.7172216,1617
484530009012,30.2664785,-97.7273353,1598
484530009021,30.2609284,-97.7067363,1711
484910201152,30.694699,-97.701965,2906
484910201091,30.6973213,-97.7835414,1452
484530023073,30.2190531,-97.736105,989
484530023152,30.2327526,-97.7305795,1869
484910202011,30.8022612,-97.721018,660
484530317002,30.1857705,-97.8344716,1188
484530021051,30.3085319,-97.7034163,1118
484530021123,30.3097326,-97.6800953,1913
484530019131,30.3185118,-97.8071485,3391
484530023151,30.2345938,-97.7330258,887
484530009023,30.2568324,-97.7178294,1424
484530015043,30.3510548,-97.7281022,1204
484910208081,30.5194781,-97.4547004,1244
484910216011,30.7912294,-97.5679114,975
484910209001,30.6470654,-97.3377119,841
484530316001,30.4268865,-97.7386752,1041
484910205152,30.5081977,-97.7220972,1841
484910203401,30.5935125,-97.8429185,3991
484910203492,30.508172,-97.8157382,569
484530009022,30.2570243,-97.7106188,1975
484530009024,30.2619393,-97.7293714,1808
484530010001,30.2579877,-97.7339922,686
484530010003,30.2527922,-97.716717,988
484530010004,30.2495981,-97.7232721,409
484910205093,30.5088824,-97.7515058,954
484530023072,30.2216188,-97.7455143,1335
484530454003,30.3859032,-97.7260439,3412
484530404003,30.3709797,-97.7346218,1843
484530023191,30.1998047,-97.6449201,2258
484530004023,30.2816518,-97.7219621,759
484530006011,30.2937354,-97.7396449,1153
484530022193,30.271382,-97.4887892,2295
480559603001,29.8749123,-97.7020113,1684
484910204032,30.4632826,-97.8010365,1248
484530304001,30.2089285,-97.8105372,2234
484530023242,30.2330217,-97.7182491,0
484530469002,30.4477558,-97.5763746,2458
484530467001,30.470898,-97.5769043,1383
484530374001,30.4371716,-98.0049554,449
484530302001,30.3740838,-97.7469222,1080
484530322001,30.3596299,-97.7603667,749
484910203112,30.4954588,-97.7965283,1938
484910205082,30.4888626,-97.7799701,1274
484530019212,30.2944105,-97.8695853,1342
484530024072,30.1463422,-97.811252,5581
484530458001,30.4078569,-97.4406984,4263
484530359002,30.6074921,-97.9935526,2292
484530430003,30.4393593,-97.6910329,1395
484530326002,30.4065207,-97.7812512,2652
484530428003,30.4590944,-97.6267564,4636
484530024501,30.1373273,-97.6130311,3845
484530024492,30.1566349,-97.6637092,2748
484530022162,30.2224933,-97.5571211,6500
484530024533,30.2009637,-97.5506658,2107
484530365002,30.3699591,-98.1149238,2617
484530410003,30.3703661,-97.6876942,1305
484530350001,30.3787595,-97.8648254,1531
484530307001,30.3535137,-97.7779628,1687
484530369001,30.3397003,-97.985351,1147
484530013092,30.2590909,-97.7673313,1385
484530366003,30.2721698,-98.0292419,3806
484530421002,30.4159575,-97.6896781,1665
484530462002,30.4657197,-97.6225017,847
484530460003,30.4861454,-97.59702,1974
484530312001,30.2253995,-97.8617896,876
484530407001,30.3654608,-97.7096301,477
484530340002,30.3127986,-97.9255472,823
484530024482,30.2016485,-97.6954345,5510
484530022142,30.2901644,-97.6508131,1138
484530374002,30.4248071,-98.0056038,2295
484530320004,30.2303375,-97.8542541,1110
480559607022,29.6712836,-97.6563707,1774
480559604003,29.8865643,-97.6989991,1710
484530372003,30.1608906,-97.8484161,1168
484530433001,30.3339028,-97.6977217,2093
484530312005,30.2141459,-97.859301,1012
484530309003,30.2022141,-97.8159746,693
484530024451,30.1465875,-97.7913863,1741
484530308001,30.4079563,-97.7594158,818
484530012001,30.2745143,-97.7577556,851
484530011012,30.2723402,-97.7466337,814
484530013101,30.2588747,-97.7609476,1294
480559603002,29.879401,-97.6728572,1204
484530003024,30.3075157,-97.7321039,1150
484530003022,30.303463,-97.7235799,1109
484530004011,30.2885489,-97.7200794,1249
484530023232,30.2333784,-97.7481133,1345
480559607012,29.696198,-97.6704336,1420
480559607013,29.684076,-97.6460134,305
484530019122,30.3356906,-97.7913994,1014
484530019132,30.3103592,-97.7897504,1890
484530304002,30.2086419,-97.8007751,543
482090108141,30.0145682,-98.1101396,875
482090109152,30.07635,-97.8641098,6030
482090108151,30.1846707,-97.9532386,2138
484530343001,30.4334918,-97.8096371,2581
484530329003,30.3786719,-97.8366774,2233
484530329001,30.3514926,-97.8197064,3676
484530335002,30.1987068,-97.8438377,1762
484530317001,30.1831802,-97.8330729,1485
484530329002,30.3570246,-97.8526109,2309
484530019211,30.280272,-97.885461,2395
484530400003,30.343709,-97.7010959,1420
484530315001,30.3443093,-97.9542916,2064
484530340001,30.3280293,-97.9009005,3230
484530302003,30.3706041,-97.7517894,955
484530313002,30.1851088,-97.8596173,2238
484530318003,30.176895,-97.8315453,1416
480559601031,30.0433071,-97.658397,1413
480559605012,29.8160624,-97.8350529,1210
484910203192,30.5603395,-97.8273981,907
484910203391,30.574595,-97.8089095,3362
482090109192,30.0194463,-97.8153177,2760
482090109211,30.0068941,-97.8067418,941
482090108165,30.1705674,-97.9802053,4465
482090108124,30.0341443,-98.0725353,895
482090108101,29.9961799,-98.1354967,1419
482090109242,29.9897609,-97.8662983,3006
482090109142,30.0391701,-97.8990319,1819
482090109213,30.0056396,-97.8127069,1049
484910207121,30.4995202,-97.6422868,2811
484530023142,30.2281398,-97.7203472,917
484530015034,30.3281841,-97.7106612,1601
484910206062,30.5411175,-97.7456379,1937
484530357003,30.460862,-97.8495384,2049
480219507002,30.0379473,-97.1926591,1025
482090109053,29.9822427,-97.8812919,1934
484530023101,30.2133021,-97.6534621,847
484530024442,30.2025119,-97.7798612,2608
484530024373,30.1713027,-97.7920763,1787
484530314003,30.3893149,-97.9458819,1530
484530303001,30.2277107,-97.7961015,1410
484530303003,30.2171861,-97.7934236,1374
484530022161,30.2423658,-97.6171675,3508
484910208151,30.5212355,-97.6060782,1786
484910205173,30.4919868,-97.7400398,1593
484910203431,30.5856244,-97.9081373,3069
484910203562,30.4799915,-97.8093376,1643
484910215122,30.5262145,-97.6497783,2089
484910207101,30.4855006,-97.6384218,1371
484910205122,30.4862623,-97.685955,1955
484530002061,30.3202581,-97.7435341,1159
484530002062,30.3313364,-97.7449009,1349
484530002051,30.3304798,-97.7364481,978
484530002052,30.3234058,-97.7374378,1175
484910207071,30.5104283,-97.6486718,2712
484910215091,30.5770325,-97.6576545,2267
484910215151,30.560662,-97.6665084,2838
484910204112,30.4534462,-97.7381101,1258
484530300004,30.3739993,-97.7660306,1440
484530419002,30.3852552,-97.690599,969
484530024401,30.152448,-97.742918,1940
484530024113,30.1967312,-97.7491454,969
484530024121,30.1908591,-97.7471935,2103
482090109093,30.0230314,-97.8781452,7702
484530425001,30.4524539,-97.5091792,827
484530438002,30.3841206,-97.6617497,1911
484530328001,30.3978551,-97.7639672,2692
484530470001,30.4373117,-97.5915846,1414
484530024452,30.1489035,-97.775613,2969
484530356002,30.4618553,-97.8914208,1301
484530464001,30.4741622,-97.6476973,1474
484530022191,30.270174,-97.5339014,2484
484530339001,30.3316055,-97.8672604,3781
484530456002,30.4704077,-97.6794802,3270
484530373002,30.4447901,-97.9896929,1347
484530447001,30.4143113,-97.6281881,1741
484530448001,30.4148189,-97.5981651,4370
484530336003,30.3646827,-97.9622055,1952
484530348003,30.208338,-97.8815864,2124
484530015042,30.3428188,-97.7228248,989
480219507001,30.010953,-97.147144,1003
484530023102,30.2423539,-97.6592003,1884
484530023162,30.2302024,-97.7277031,1130
484910207093,30.4906667,-97.6571343,2458
484530366002,30.286429,-97.971057,2983
484530352002,30.3937891,-98.0290418,1029
484530323001,30.3564049,-97.749892,1327
484910205031,30.4948631,-97.69974,1297
484910213001,30.7860905,-97.4312745,1034
484910214023,30.6310736,-97.6813747,593
484910209003,30.5378648,-97.2681092,1734
480219501012,30.2154145,-97.4290309,2532
484530337002,30.4398295,-97.7906726,1649
484530315002,30.3781737,-97.9274369,1567
484530019112,30.2585241,-97.7909024,923
484910206042,30.5488963,-97.7571998,1876
484910203491,30.514355,-97.8192745,1210
484910202081,30.7598134,-97.9298625,3096
484910203302,30.630287,-97.964049,2304
484910216013,30.801017,-97.6016483,4002
484910201092,30.6985534,-97.7620048,894
484910207062,30.5033496,-97.6164935,2320
484910201151,30.7041094,-97.7056518,3478
484910216012,30.7587159,-97.6222699,1463
484910210001,30.5740931,-97.4003702,309
484910210003,30.5568005,-97.4235536,1300
480219507003,30.004348,-97.1423526,1096
484530375001,30.4976157,-97.9023185,1553
484530424004,30.3566395,-97.5689831,2240
484530336002,30.350073,-97.970482,606
484530334001,30.2125986,-97.8384241,1875
484530333004,30.1587237,-97.878535,4330
484530010002,30.2564141,-97.7280837,600
484530019121,30.3220747,-97.8279266,3237
484530373001,30.4654687,-97.9901454,1960
484530001021,30.3342867,-97.7695659,1560
484530444002,30.4340284,-97.6428301,751
484530349003,30.368027,-97.9045991,4497
484530358001,30.4350894,-97.8519371,3581
484530400002,30.3422016,-97.7117664,1174
484530308003,30.4047325,-97.7537102,523
484530360002,30.5463922,-97.8940714,1359
484530460002,30.4872071,-97.6163717,814
484530020042,30.2395848,-97.784876,1630
484530412002,30.4085614,-97.6869949,1578
484910215172,30.5248346,-97.6602344,1035
484910202033,30.7544605,-97.7623968,1731
484910203331,30.4708684,-97.8347542,1508
484910208202,30.5260503,-97.5376774,5579
484910201233,30.6218415,-97.7153608,1479
484910214062,30.6163328,-97.679751,787
484910201231,30.6210917,-97.6984484,1529
484910205094,30.5126503,-97.7453894,1740
484910201241,30.6252645,-97.7507263,587
484910208132,30.5964059,-97.5244774,6702
484910201191,30.7233321,-97.7579236,2817
484910201221,30.6649273,-97.7805744,1146
484910205034,30.4917971,-97.7152984,1869
484910207042,30.4984427,-97.6727179,2204
484530339002,30.3416237,-97.8692194,1873
484530344002,30.4423856,-97.8305597,1729
484530006062,30.2919097,-97.7427939,1229
484530369002,30.3444135,-97.9919691,1767
484910201243,30.6278524,-97.8014901,4663
484530003092,30.289294,-97.7032871,810
484530326003,30.4083255,-97.7733225,1068
484530434001,30.3284539,-97.699033,3051
484530318001,30.1805383,-97.8268555,543
484530318002,30.1845976,-97.8227741,1398
484530331001,30.3799224,-97.9764523,2049
484530349002,30.3846674,-97.9035861,1309
484530024221,30.1906024,-97.7846019,3145
484910203212,30.5460501,-97.8464491,1424
484910215181,30.5392249,-97.65609,1793
484910215111,30.5345671,-97.6284526,2255
484910208123,30.5849059,-97.5688664,1402
484910201093,30.6839977,-97.7437804,2375
484910203111,30.4843133,-97.7973573,3044
484910205081,30.4820275,-97.7705807,2909
484910205142,30.5155227,-97.7268881,2484
484530309001,30.1944885,-97.8162429,993
484530318004,30.1767918,-97.825232,1045
484530341001,30.4448574,-97.732286,3389
484530025005,30.4181218,-97.7541564,429
484530013043,30.2504764,-97.7773945,431
484530016035,30.2976137,-97.7626199,1315
484530021042,30.3114555,-97.6991172,1170
484530003023,30.3017976,-97.7277873,1608
484530015032,30.3355469,-97.7153918,669
484530015033,30.3278956,-97.7196904,1906
484530005002,30.2975252,-97.7329994,1233
484530021122,30.3178309,-97.6828643,2497
484530019111,30.2499194,-97.7969387,1268
484530370002,30.3164043,-97.9624568,3038
484530019161,30.3051275,-97.8926604,2374
484530408002,30.3784877,-97.7024942,1157
484530444003,30.433296,-97.6277408,736
484530320006,30.2317993,-97.842002,668
484530024071,30.1188629,-97.816251,2553
480219501021,30.3691661,-97.3299048,2743
484530429001,30.4320193,-97.680986,1423
480219502022,30.3494757,-97.3989298,3158
484530301002,30.3808946,-97.7615409,1097
484530424002,30.3455321,-97.627693,4071
484530019145,30.2446451,-97.8190526,668
484530451001,30.4311133,-97.6920732,2609
484530335003,30.2058918,-97.8536799,1819
484530461002,30.4809466,-97.6211712,942
484910203372,30.535092,-97.8664475,1900
484910208112,30.5252101,-97.5486654,1586
484910208101,30.5084003,-97.572947,1278
484530024391,30.1636745,-97.7542523,898
484530020072,30.2350554,-97.7825504,1431
484530445003,30.4370557,-97.6228607,1109
484530302004,30.3657143,-97.7457102,1997
484530369003,30.3449128,-97.9776946,1342
484530463001,30.4486568,-97.6122968,2629
484530416004,30.3547647,-97.675545,1838
484530353001,30.3799323,-98.0610857,510
482090108062,30.175983,-98.0274451,2299
484530352003,30.4383437,-98.0437696,603
484530364002,30.489161,-98.0562705,1084
484530345001,30.4326163,-97.8215891,2412
484530300001,30.3713689,-97.7789431,1243
484530455002,30.452333,-97.6864195,2986
484530319001,30.1719206,-97.8465659,2430
484530446002,30.4191418,-97.6355939,1775
482090106011,29.8821247,-97.9558003,1162
484910203272,30.5252509,-97.8376294,2383
484530022171,30.3388855,-97.4539167,2854
484530326001,30.4189267,-97.7742897,2313
484910215142,30.5565031,-97.6728223,1913
484910215173,30.5302319,-97.6558461,880
484910208141,30.516621,-97.5967185,3023
484530334002,30.2101653,-97.8449107,1421
480219501023,30.3038849,-97.2188991,1472
480219503022,30.0572393,-97.3253863,1319
480219504012,30.1223818,-97.2977484,1289
480219503033,30.0777315,-97.4074358,1945
480219505052,30.2239201,-97.2346727,2423
480219505033,30.1211054,-97.2162469,2104
480219506012,29.8934061,-97.2489019,849
480219506022,30.0940384,-97.1409971,893
480219505053,30.2572913,-97.2907417,588
480219505041,30.2467025,-97.1309489,337
480219506013,29.9326327,-97.3602042,1631
484530300003,30.3638016,-97.7766819,617
484530338002,30.4293911,-97.7918643,1525
480219501024,30.2853389,-97.3147184,0
480219503012,30.1399695,-97.3932857,1875
482090106031,29.8871823,-97.9714949,2590
482090103053,29.8940763,-97.9081439,1258
482090107033,29.8971186,-97.9551536,1964
480219503013,30.1712037,-97.4842437,2319
480219504021,30.0724064,-97.2876836,1312
482090108092,30.2590879,-98.0492409,971
480219504014,30.1373944,-97.324083,2043
480219505032,30.0466506,-97.2453356,1233
482090103054,29.8930547,-97.9045654,1433
482090104013,29.857124,-97.9476239,1938
484530457003,30.4578674,-97.6721802,591
484530429002,30.4325391,-97.673095,1805
484530312004,30.2156693,-97.8672937,1941
484530002032,30.3166404,-97.7355011,2386
484530014023,30.2387313,-97.7408358,878
484910203371,30.5274936,-97.8626577,1917
484910207111,30.5068517,-97.6317536,2112
484910208164,30.5049348,-97.5916926,1622
484910201182,30.7040164,-97.7419926,1120
484530024322,30.0975315,-97.7138586,1372
484530001011,30.32326,-97.7477495,1003
484530001012,30.3289062,-97.756538,1471
484530001013,30.3151007,-97.7513885,551
484530336001,30.3779276,-97.9674046,1542
484530003052,30.3138371,-97.7287094,1023
484530372002,30.1576563,-97.8393753,2452
484530354001,30.3410845,-98.0088849,2886
484530331003,30.3656102,-97.9875503,898
484530364001,30.4908393,-97.9554951,1611
484530021041,30.3172502,-97.6946194,1373
484530003051,30.312085,-97.7234539,1150
484530330003,30.2479675,-97.9109273,1599
484530021052,30.3167562,-97.7105296,563
484530021053,30.3192233,-97.6998724,747
484530021061,30.3113948,-97.6890435,546
484530021062,30.3036944,-97.6866421,1002
484530003071,30.2970325,-97.7125652,2017
484530013071,30.2310665,-97.7712704,1477
484530015052,30.340576,-97.7331831,1442
480559601033,29.9889673,-97.651512,3244
484910203461,30.5388652,-97.7928733,1542
484910203411,30.5697159,-97.8384859,3958
484530003053,30.3190733,-97.7256729,1202
484530004022,30.2836184,-97.7100419,713
484530015053,30.3365973,-97.7246132,1083
484530019183,30.2935356,-97.8112498,1358
480559606002,29.7812889,-97.4590644,1442
484910215152,30.5522389,-97.6658107,2254
484530307003,30.3355065,-97.7787466,1428
484530307002,30.3459974,-97.7755599,991
484910204042,30.4528785,-97.816709,2299
484910204082,30.4553965,-97.7846629,2120
480219504011,30.1151837,-97.3265623,1218
480219502021,30.374058,-97.3827631,1135
484910215031,30.5209018,-97.6821687,1329
484910205032,30.5017106,-97.6922796,1771
484910215032,30.5241098,-97.6710251,3379
484910207011,30.5059838,-97.678905,687
484530015013,30.3551472,-97.7427757,662
484910204102,30.4380223,-97.7641749,1545
484530015054,30.331548,-97.7268225,1221
484530015051,30.3353845,-97.7348826,1005
484910201083,30.6811732,-97.703876,1377
484530001022,30.3191841,-97.7637484,636
484530016031,30.3022305,-97.7517021,696
480219507004,29.9961886,-97.1577238,1566
484910204051,30.4572362,-97.7951519,621
484910204052,30.4543494,-97.7999113,1388
484910208103,30.5059375,-97.5581012,5115
484910203381,30.5522664,-97.8668242,6880
484910201211,30.6534314,-97.7075688,987
484530024233,30.1803481,-97.799467,1947
484530024222,30.1823631,-97.7794163,2857
484530024223,30.1802703,-97.7895912,2308
484530024232,30.1793845,-97.8124757,2578
484530423001,30.4467166,-97.6789744,2631
484530423002,30.4383017,-97.6800045,1349
484910206021,30.5296636,-97.7073567,2259
482090109222,30.0662774,-97.8161405,2706
482090104021,29.8379938,-97.9209311,3027
482090109253,29.9993589,-97.8812884,2964
484910203361,30.4941453,-97.8334126,1105
484910215161,30.5411188,-97.6634935,1079
484910215131,30.5488346,-97.6822106,1601
484910203333,30.4664717,-97.825869,2436
484910206061,30.5378915,-97.7338081,2571
484910215023,30.5345442,-97.6747158,1930
484910203344,30.4714572,-97.8210436,686
484910203341,30.4710868,-97.8069519,4063
484910208121,30.5758411,-97.5963272,2683
484910201142,30.6562537,-97.681689,573
484910214051,30.6472646,-97.6573419,1837
484530411001,30.3812655,-97.6802163,447
484530023271,30.2414975,-97.6951149,680
484530024412,30.1839084,-97.7613455,1899
484530024471,30.1941946,-97.7332525,2183
484530355001,30.4857727,-97.8582899,1943
484530333003,30.1844329,-97.9236887,1169
484530023201,30.221926,-97.6951902,4328
484530004013,30.2855617,-97.7297581,1061
484530024372,30.1579505,-97.7956163,1082
484530022141,30.2936767,-97.6573631,584
484530338003,30.427039,-97.8001999,1581
484530022143,30.2763965,-97.6536056,1625
484530468002,30.4665938,-97.5613484,7241
484530023145,30.2225924,-97.7123323,771
484530440001,30.3912267,-97.6559894,368
484530016061,30.3056732,-97.7608291,135
484530014032,30.2429489,-97.7333201,726
484530015011,30.3535575,-97.7361693,742
484910203232,30.5310805,-97.8517955,746
484910203252,30.5376774,-97.8394223,693
484910205072,30.4984965,-97.730054,2789
484910207012,30.514035,-97.6652988,2148
484530011023,30.2649737,-97.7483854,806
484530309004,30.1994998,-97.81149,1080
484530450001,30.3712573,-97.641038,2379
484530022211,30.3203581,-97.6171416,2677
484910214042,30.6322842,-97.636339,1647
484910203311,30.5656275,-97.8791185,4240
484910201144,30.6670369,-97.6751022,1627
484910205112,30.4922004,-97.6816717,2207
484910207102,30.4800983,-97.6559936,2052
484530342001,30.4299706,-97.745048,1685
484530425003,30.4401184,-97.5453799,5339
484530445001,30.4288638,-97.618586,3069
484530323003,30.354416,-97.7518682,1393
484530455001,30.4536578,-97.6920883,1428
484530422001,30.4108566,-97.7044132,766
482090102001,29.8936427,-97.9452216,1336
482090107021,29.9370403,-97.9182443,1571
482090109051,30.0203305,-98.0076183,6350
484530016022,30.282723,-97.7692115,971
484910207112,30.5042096,-97.6249125,2450
484910203373,30.5449535,-97.855226,2007
484910203542,30.519305,-97.8562918,1668
484910201111,30.6713973,-97.7091202,3354
484910203363,30.4992639,-97.8245676,2390
484910216014,30.8156383,-97.5928048,4725
484910215141,30.5615632,-97.6734684,2271
484910203513,30.5455153,-97.8139668,2063
484910208182,30.5430153,-97.6103623,2644
484910208162,30.5349158,-97.5833083,1890
484910208181,30.5586793,-97.6210309,2351
482090103052,29.8904362,-97.9073706,1578
482090102003,29.8878282,-97.9432205,1866
484910216032,30.8435018,-97.626125,1844
482090106023,29.8572974,-98.0199463,2676
482090103061,29.9160786,-97.8790204,4340
482090108171,30.2313768,-98.0981823,2041
482090109163,29.9686952,-97.8118819,1853
482090109212,29.9956742,-97.7816595,3051
484530432003,30.3519268,-97.7021453,945
484530432002,30.3473691,-97.699134,554
484530337001,30.4396997,-97.8023508,1247
484530327002,30.4276417,-97.7657973,2134
484910203312,30.5739065,-97.8625715,2980
484910201183,30.717643,-97.7445675,2039
484910208163,30.5098554,-97.5784387,1084
484530001014,30.3119232,-97.7536549,1682
484530348002,30.2014715,-97.8760185,1760
484530006053,30.2918779,-97.7485471,920
484530022133,30.2890279,-97.6351289,1460
484910206073,30.5498876,-97.723448,1418
484910215182,30.5361305,-97.6620712,2133
484910205151,30.5066736,-97.730519,2108
484910214041,30.6378808,-97.6368828,828
484910208223,30.6548526,-97.6481646,1605
482090108162,30.1990621,-97.9798561,717
482090109151,30.0974474,-97.8600007,2168
480559602002,29.8511295,-97.6733098,2151
484530004012,30.2933071,-97.7248275,2108
484530007001,30.2777004,-97.7411232,1212
484530016021,30.2900812,-97.7782019,999
484530016023,30.2838942,-97.7797733,942
484530019191,30.2744708,-97.7861878,1418
484910205132,30.4685841,-97.6986332,1109
484910205171,30.4929039,-97.7464436,1695
484910203113,30.4770484,-97.7894668,5898
484910203471,30.5026858,-97.7977506,541
484530406002,30.3640659,-97.7057046,917
484530409002,30.3760876,-97.6964877,1079
482090109172,29.9422635,-97.8598399,1049
484530024411,30.1814813,-97.7698558,3784
484530461001,30.4715763,-97.6078609,5203
484530003021,30.299731,-97.7195388,602
484530024433,30.1947833,-97.7722404,1218
484910215093,30.5714676,-97.6650699,919
484910205161,30.4948272,-97.7647671,2221
484910207092,30.4931097,-97.6639899,874
484530313001,30.1951463,-97.8545191,1744
484530427002,30.4662437,-97.63967,2956
484530024392,30.1602671,-97.7401108,2641
484530441001,30.4439939,-97.6601373,1035
484910203472,30.5187705,-97.7812299,2455
484910203501,30.5118508,-97.8026382,2711
484910203503,30.5067445,-97.8053042,2153
480219504013,30.1068891,-97.3234709,591
482090101001,29.8828279,-97.9417543,1760
484910214021,30.6444664,-97.6755892,1195
484530024341,30.0728551,-97.743328,1935
484910203301,30.6767084,-97.9866246,2410
484910203101,30.5532376,-97.7759601,3462
484910209004,30.4689232,-97.3506147,1661
484910204053,30.4508753,-97.8068214,2903
484910204061,30.4512819,-97.7753925,3117
484530023163,30.2338429,-97.7264707,1276
484530013072,30.2419411,-97.7652834,920
484530013073,30.2373993,-97.7683911,2690
484530013082,30.2387552,-97.7578847,572
484530013083,30.2336556,-97.7611383,968
484530024133,30.1900923,-97.7430498,734
484530024091,30.2113986,-97.7911147,1237
484910203343,30.4767209,-97.8312324,806
484910205163,30.4896312,-97.7617167,3012
484530449002,30.3843831,-97.628325,8334
484530019172,30.264473,-97.8194466,1336
484530024441,30.2106314,-97.7759052,860
484910204031,30.4599858,-97.8084931,1349
484910201143,30.6650051,-97.688596,1422
482090109133,30.0954268,-97.834565,1337
484530021091,30.2827105,-97.6997804,554
484530021092,30.2795723,-97.6914013,1734
484910203211,30.5535065,-97.8488554,664
484530021133,30.3207132,-97.6732562,1347
484530021131,30.3152285,-97.6678066,1291
484910201131,30.66166,-97.6640501,1426
484910216031,30.7723979,-97.6502428,1673
484910206071,30.541758,-97.7166375,3202
484910215102,30.5791608,-97.6675359,1363
484910201232,30.6147987,-97.7108306,624
484910205071,30.5023846,-97.7364196,1048
484910205131,30.466795,-97.690412,2127
484910215101,30.5763621,-97.6785097,1689
484910208142,30.5154072,-97.6010978,950
484530315003,30.3844383,-97.9306774,2021
480219502023,30.331493,-97.3782199,2051
484910213002,30.7338217,-97.4440094,498
484530006081,30.2864722,-97.7432417,2700
484530006073,30.2842227,-97.746558,843
484530366001,30.25118,-97.9522952,2460
484910203421,30.6017833,-97.8749424,3681
484910214043,30.6283087,-97.647882,3051
484910215104,30.5676518,-97.677505,3109
484910205121,30.4790402,-97.6887756,1798
484910203441,30.5810587,-97.8662522,5105
484910203452,30.5137978,-97.7624024,2414
484530019173,30.2872347,-97.8388146,1905
484530015012,30.3434565,-97.7489245,2488
484910208122,30.5642996,-97.5480248,2571
484910203511,30.5458207,-97.8341588,1061
484910201171,30.725383,-97.7123211,938
484910203263,30.4820701,-97.8395313,2008
484910208172,30.5429849,-97.579595,3103
484530367004,30.2007407,-97.9014425,1388
484530350002,30.3858404,-97.87715,2612
484530002054,30.3258666,-97.7308018,1668
484530014011,30.2451057,-97.7478799,1179
484530416002,30.3696159,-97.6737757,2203
484530019171,30.2787518,-97.8374308,1033
484530011021,30.2684664,-97.7492191,1993
484530410004,30.367527,-97.6891374,3100
484530410002,30.3644157,-97.6894706,1791
484530022183,30.3099267,-97.470676,481
484530443001,30.4111153,-97.6430378,2656
484530305003,30.3696708,-97.7939719,1491
484530416001,30.3570029,-97.68056,1868
484530440002,30.4000197,-97.6645181,4854
484530013081,30.2276787,-97.7650543,1511
484530023222,30.221263,-97.7528359,657
484530008023,30.2700814,-97.7111778,1097
484530023042,30.2477531,-97.7326655,721
484530012002,30.2760573,-97.7550409,792
484530014021,30.2464417,-97.7395444,692
484530416003,30.3619813,-97.678455,2054
482090109252,29.9982247,-97.8725826,1281
484530019232,30.2522502,-97.7806429,1387
482090109241,29.9981493,-97.8571865,1891
482090106012,29.88864,-97.9612091,1526
482090103072,29.8912621,-97.9161908,754
484910207073,30.5030243,-97.6578182,1539
484910205111,30.4950921,-97.6881484,1808
484910203521,30.5313266,-97.8191421,2340
484910202012,30.8597376,-97.7042645,1104
484530335001,30.2063888,-97.8474343,1983
484530006052,30.2893042,-97.7496601,1040
484530006061,30.2943811,-97.74318,244
484530006071,30.2858433,-97.7510816,898
482090109231,30.0454901,-97.7823299,2144
482090109221,30.0438861,-97.8127258,5948
484530024303,30.1726739,-97.7631368,1979
484530309005,30.1947727,-97.8267855,1907
484530363001,30.5484152,-97.9935595,1571
484530439001,30.404245,-97.6500993,1570
484530003091,30.2945494,-97.7029865,2185
484530003081,30.2961202,-97.6944443,2704
484530344001,30.4308781,-97.8387944,470
484530367002,30.1916249,-97.914771,1683
484910203291,30.6248487,-97.8698538,2376
484910205033,30.4908803,-97.7268055,1503
484530454001,30.4085967,-97.7242507,1482
484530019144,30.2622302,-97.8440825,1701
484530011011,30.2696516,-97.7375527,846
484530356001,30.4303458,-97.9057655,1262
484530408001,30.373863,-97.7077147,2148
484530417001,30.3876304,-97.7031289,1231
484530419001,30.3957942,-97.6903757,2474
484530320005,30.2295292,-97.8470042,1374
484530013103,30.253134,-97.7633395,938
484530024321,30.1520733,-97.7102203,4844
484910202072,30.6923751,-97.924615,1790
484539800001,30.1946533,-97.6666563,0
484910214071,30.6295308,-97.6713047,551
484530421004,30.4174026,-97.681335,1525
484530024241,30.1905789,-97.8021281,1147
484530024242,30.1947657,-97.7946389,2356
482090104023,29.8208858,-97.9676858,4282
480219503021,30.098206,-97.357829,2923
480219505062,30.1741025,-97.2965943,2948
480219503034,30.1144403,-97.4536993,4013
484910201112,30.6543056,-97.6891333,892
484910215061,30.5514813,-97.6375634,1587
484530024031,30.2139103,-97.7609197,1510
484530008031,30.278278,-97.7131038,1930
484530008032,30.2771064,-97.7185926,639
484530008033,30.2757418,-97.7259909,827
482090103091,29.899816,-97.9116089,2819
482090109131,30.0795163,-97.827553,2860
482090107031,29.8929945,-97.9308832,0
484530308002,30.3924653,-97.7486693,1648
484530338001,30.433074,-97.7836756,1296
484910206041,30.5943034,-97.727929,2573
484530024512,30.1628795,-97.7822419,3865
484530436001,30.3417916,-97.6513922,1658
484530332002,30.1517243,-97.8304739,2172
484530372001,30.1519006,-97.845113,2449
484530024443,30.1967555,-97.7824419,549
484530023251,30.2315444,-97.7090379,609
484910207041,30.5075084,-97.6656829,1648
484910213004,30.7334191,-97.4104523,1393
484910203251,30.5358988,-97.8435802,1523
484910209002,30.5855409,-97.2990642,902
484910215021,30.5301229,-97.6842944,494
480559604001,29.9017273,-97.689058,2429
480559601021,29.8181412,-97.6513961,1141
484910210002,30.5535372,-97.3882276,1277
484910212012,30.5790061,-97.4275916,904
480559602001,29.8818589,-97.6483374,1087
480559602003,29.860891,-97.6364522,1773
482090103021,29.8672305,-97.9012088,1745
482090108111,30.0682253,-98.1651867,1334
482090109112,30.1113515,-97.8693825,1089
482090109122,30.1049954,-97.9081808,1334
484910215121,30.5380065,-97.6419543,2852
484910206072,30.5477975,-97.7009566,2427
484910201181,30.7037173,-97.7269691,1363
484910203332,30.4646835,-97.8315115,1339
484910214061,30.5994015,-97.681708,4047
484910214053,30.6074047,-97.6482519,3479
484910206083,30.5621819,-97.7183351,2006
484530019182,30.2856769,-97.8166258,470
484530023211,30.2340108,-97.6956834,882
484530024382,30.1678619,-97.8042256,2342
484530008021,30.2786949,-97.7058611,1404
484530002053,30.3202581,-97.7314608,608
484530454002,30.4035607,-97.721309,1474
484530430002,30.4376615,-97.6866877,406
484530457001,30.4464063,-97.6711976,888
484530346001,30.4228764,-97.8312572,1569
484910204092,30.4593391,-97.7713565,1883
484910204104,30.4463639,-97.7729773,1853
484530024112,30.1994992,-97.7560889,2172
484530014022,30.2431726,-97.7435354,750
484910204054,30.4429474,-97.7868167,2878
484530023144,30.2273812,-97.719107,1527
484530346003,30.4088624,-97.8321068,247
484530452002,30.4235712,-97.6847641,1767
484530426002,30.4520633,-97.6500406,2186
484530445002,30.443039,-97.6351425,1061
482090103022,29.8815048,-97.9289839,822
484530333002,30.167421,-97.8639035,455
484530371001,30.1660102,-97.8552489,973
484530371002,30.1562388,-97.8574138,1729
484530015041,30.3455683,-97.7184735,2943
484530008011,30.2669322,-97.7014639,2222
484530006012,30.2860516,-97.7376998,8681
484530467002,30.4764641,-97.5842693,2275
484530022221,30.3026235,-97.6360781,1976
484530444001,30.4302032,-97.632624,3167
484530023213,30.2267801,-97.6955192,1771
484530024432,30.1992212,-97.7731079,1602
484530325002,30.4029496,-97.7353132,1478
484530414001,30.4140479,-97.7128669,1124
484530413001,30.4220465,-97.7203403,2004
484530321001,30.2248867,-97.8277702,1847
484530022194,30.2910849,-97.4955826,1133
484530024362,30.0910391,-97.6579099,1206
484530466001,30.488945,-97.5637878,5513
484530015044,30.3455555,-97.7307654,1322
484530019192,30.2786148,-97.7998997,2234
484530025001,30.4121817,-97.7610542,1419
484530025003,30.4137029,-97.7558491,1877
484530025004,30.4127915,-97.7501389,1065
484530314002,30.4043358,-97.9121703,990
484530014013,30.2518448,-97.7453374,1018
484530023233,30.2296869,-97.7527029,1865
484530435002,30.373161,-97.6517612,3021
484530024521,30.2021516,-97.6276731,1459
484530023241,30.2357646,-97.7200114,930
484530457002,30.4413872,-97.6729203,1934
484530005003,30.2939335,-97.7350124,815
484530320003,30.2301875,-97.8327365,390
480219504032,30.103669,-97.3338055,1285
484910216021,30.654968,-97.5519365,1569
484910215022,30.5313532,-97.6729381,2316
484530024073,30.1362122,-97.8163389,2136
484530024461,30.1274335,-97.789187,1287
484910208131,30.5511953,-97.5486723,2849
484910208191,30.5079403,-97.5141148,1515
484910203264,30.5043358,-97.8528377,1241
484910203292,30.6326595,-97.8701491,8435
484910214052,30.6181003,-97.6573502,2070
484910208111,30.5259406,-97.5603973,2796
484530008041,30.2696968,-97.7174616,1156
484530008042,30.2703213,-97.7245579,1288
484910201203,30.652758,-97.811164,2636
