site_id,lat,lon,charger_count,charger_type,network
OCM_4343,30.260241,-97.753823,6,L2,ChargePoint
OCM_4638,30.20633,-97.75936,3,DCFC,unknown
OCM_5053,30.258713,-97.751992,6,L2,ChargePoint
OCM_5154,30.191115923061915,-97.77210831642151,3,DCFC,(Unknown Operator)
OCM_5693,30.268109,-97.749269,1,L2,(Unknown Operator)
OCM_19221,30.216443,-97.69223,8,L2,ChargePoint
OCM_26403,30.2201063,-97.8414142,2,L2,ChargePoint
OCM_26412,30.2599577,-97.7185673,2,L2,ChargePoint
OCM_26413,30.2604763,-97.7467678,5,L2,ChargePoint
OCM_26418,30.2730369,-97.7599861,4,L2,ChargePoint
OCM_26442,30.428827,-97.755163,4,L2,ChargePoint
OCM_41952,30.288602,-97.742362,5,L2,ChargePoint
OCM_51755,30.351799,-97.70791,1,L2,Tesla (Tesla-only charging)
OCM_51758,30.2520199,-97.7470902,1,L2,Tesla (Tesla-only charging)
OCM_51759,30.283176,-97.745492,2,L2,Tesla (Tesla-only charging)
OCM_51760,30.3272668,-97.9254155,2,L2,Tesla (Tesla-only charging)
OCM_51764,30.3953578,-97.7262403,2,L2,Tesla (Tesla-only charging)
OCM_66845,30.1873295,-97.663001,2,L2,Tesla (Tesla-only charging)
OCM_66852,30.2616179,-97.7422804,2,L2,Tesla (Tesla-only charging)
OCM_66854,30.2690776,-97.7419653,2,L2,Tesla (Tesla-only charging)
OCM_66859,30.2910848,-97.8587169,2,L2,Tesla (Tesla-only charging)
OCM_66868,30.408205,-97.666596,2,L2,Tesla (Tesla-only charging)
OCM_66869,30.410666,-97.849318,2,L2,Tesla (Tesla-only charging)
OCM_66873,30.4800386,-97.6865666,2,L2,Tesla (Tesla-only charging)
OCM_71274,30.3982556,-97.7175045,3,L2,Tesla (Tesla-only charging)
OCM_72144,30.250097,-97.74838,1,L2,Tesla (Tesla-only charging)
OCM_72145,30.2780642,-97.7101874,2,L2,ChargePoint
OCM_72877,30.2317577,-97.7294727,2,L2,ChargePoint
OCM_72878,30.2322565,-97.7984376,2,L2,ChargePoint
OCM_72879,30.3165756,-97.7576429,4,L2,ChargePoint
OCM_75770,30.3571063,-97.7486304,2,L2,Tesla (Tesla-only charging)
OCM_75771,30.3918212,-97.7497533,4,L2,Tesla (Tesla-only charging)
OCM_80110,30.4036314,-97.7199011,6,L2,ChargePoint
OCM_81416,30.259012,-97.747352,3,L2,Tesla (Tesla-only charging)
OCM_81537,30.352669,-97.70974,2,L2,Tesla (Tesla-only charging)
OCM_81612,30.265397,-97.746566,3,L2,Tesla (Tesla-only charging)
OCM_81983,30.44599,-97.868845,2,L2,Tesla (Tesla-only charging)
OCM_84579,30.250541,-97.749422,1,L2,Tesla (Tesla-only charging)
OCM_85015,30.440841,-97.779967,2,L2,Tesla (Tesla-only charging)
OCM_85698,30.259977,-97.739149,2,L2,Tesla (Tesla-only charging)
OCM_85870,30.251446,-97.74933,1,L2,Tesla (Tesla-only charging)
OCM_87307,30.396418,-97.931356,3,L2,Tesla (Tesla-only charging)
OCM_89130,30.255806,-97.872517,4,L2,ChargePoint
OCM_89135,30.408048,-97.725664,20,L2,ChargePoint
OCM_89895,30.2658848,-97.7488913,2,L2,ChargePoint
OCM_93254,30.26662,-97.740375,3,L2,Tesla (Tesla-only charging)
OCM_97575,30.293072,-97.555372,2,L2,Tesla (Tesla-only charging)
OCM_97965,30.329275,-97.706259,8,DCFC,Tesla (Tesla-only charging)
OCM_102309,30.2639605,-97.7448014,2,L2,ChargePoint
OCM_104405,30.477825,-97.680383,3,L2,Tesla (Tesla-only charging)
OCM_105494,30.475146,-97.801817,4,L2,Tesla (Tesla-only charging)
OCM_108710,30.309487,-97.935413,4,L2,Tesla (Tesla-only charging)
OCM_109986,30.271704,-97.713959,2,L2,ChargePoint
OCM_114058,30.256871,-97.872615,4,L2,Tesla (Tesla-only charging)
OCM_120063,30.168498,-97.795821,2,L2,ChargePoint
OCM_120064,30.1725993,-97.7770672,2,L2,ChargePoint
OCM_120067,30.179581,-97.769283,2,L2,ChargePoint
OCM_120068,30.183177,-97.769817,5,L2,ChargePoint
OCM_120071,30.1915824,-97.7756261,2,L2,ChargePoint
OCM_120072,30.192647,-97.714329,2,L2,ChargePoint
OCM_120077,30.2004397,-97.7614465,5,DCFC,ChargePoint
OCM_120078,30.2044779,-97.7837356,2,L2,ChargePoint
OCM_120079,30.20495,-97.663249,4,L2,ChargePoint
OCM_120081,30.2064064,-97.8070474,2,L2,ChargePoint
OCM_120082,30.208074,-97.661328,4,L2,ChargePoint
OCM_120083,30.2103867,-97.6645856,6,L2,ChargePoint
OCM_120084,30.2106958,-97.6680811,2,L2,ChargePoint
OCM_120085,30.2117271,-97.7722847,2,L2,ChargePoint
OCM_120086,30.212027,-97.6629,8,L2,ChargePoint
OCM_120089,30.2134523,-97.657691,2,L2,ChargePoint
OCM_120091,30.218336,-97.662154,16,L2,ChargePoint
OCM_120092,30.2210641,-97.7704077,2,L2,ChargePoint
OCM_120093,30.2228031,-97.7461014,2,L2,ChargePoint
OCM_120096,30.226907,-97.751966,2,L2,ChargePoint
OCM_120097,30.2274341,-97.7185399,2,L2,ChargePoint
OCM_120098,30.2274564,-97.7260962,2,L2,ChargePoint
OCM_120100,30.230035,-97.88718,2,L2,ChargePoint
OCM_120101,30.230389,-97.706509,4,L2,ChargePoint
OCM_120102,30.231714,-97.883409,4,L2,ChargePoint
OCM_120105,30.2339144,-97.7272544,2,L2,ChargePoint
OCM_120106,30.2351158,-97.9173324,2,L2,ChargePoint
OCM_120107,30.2364735,-97.7826067,2,L2,ChargePoint
OCM_120108,30.2405269,-97.7303727,2,L2,ChargePoint
OCM_120109,30.2409768,-97.7262592,2,L2,ChargePoint
OCM_120116,30.2491199,-97.8624178,2,L2,ChargePoint
OCM_120118,30.254424,-97.781461,4,L2,ChargePoint
OCM_120119,30.2564747,-97.7517587,2,L2,ChargePoint
OCM_120121,30.258221,-97.725239,1,L2,Tesla (Tesla-only charging)
OCM_120123,30.2596413,-97.859784,2,L2,ChargePoint
OCM_120124,30.260355,-97.723548,2,L2,ChargePoint
OCM_120128,30.261602,-97.719623,2,L2,ChargePoint
OCM_120130,30.2619108,-97.7739459,2,L2,ChargePoint
OCM_120136,30.26751,-97.693652,1,L2,ChargePoint
OCM_120137,30.26824,-97.70695,4,L2,ChargePoint
OCM_120138,30.2695252,-97.7869716,2,L2,ChargePoint
OCM_120139,30.269824,-97.73169,4,L2,ChargePoint
OCM_120140,30.270564,-97.749005,5,L2,ChargePoint
OCM_120141,30.27396,-97.734846,4,L2,ChargePoint
OCM_120142,30.274325,-97.764488,4,L2,ChargePoint
OCM_120144,30.275385,-97.734899,14,L2,ChargePoint
OCM_120146,30.276287,-97.817234,3,L2,ChargePoint
OCM_120148,30.283044,-97.824902,2,L2,ChargePoint
OCM_120149,30.28544,-97.715107,2,L2,ChargePoint
OCM_120152,30.291085,-97.858717,3,L2,Tesla (Tesla-only charging)
OCM_120155,30.292872587067038,-97.82763210051985,12,DCFC,ChargePoint
OCM_120156,30.2967128,-97.7197883,2,L2,ChargePoint
OCM_120157,30.3016155,-97.6986699,1,L2,ChargePoint
OCM_120158,30.301775,-97.7081,6,L2,ChargePoint
OCM_120159,30.302274,-97.697951,9,DCFC,ChargePoint
OCM_120161,30.3041819,-97.8281612,2,L2,ChargePoint
OCM_120165,30.31339,-97.946153,4,L2,ChargePoint
OCM_120178,30.3298891,-97.6617122,2,L2,ChargePoint
OCM_120180,30.3300458,-97.7392513,2,L2,ChargePoint
OCM_120182,30.331058,-97.66847,4,L2,ChargePoint
OCM_120183,30.3338571,-97.6913017,2,L2,ChargePoint
OCM_120186,30.3440882,-97.6658226,2,L2,ChargePoint
OCM_120188,30.3505908,-97.7545342,2,L2,ChargePoint
OCM_120193,30.3712148,-97.8008871,2,L2,ChargePoint
OCM_120196,30.3732957,-97.7399417,2,L2,ChargePoint
OCM_120198,30.3744176,-97.7321552,1,DCFC,ChargePoint
OCM_120199,30.381571,-97.713503,2,L2,ChargePoint
OCM_120201,30.3857768,-97.8867695,2,L2,ChargePoint
OCM_120203,30.3867831,-97.7687473,2,L2,ChargePoint
OCM_120205,30.3896526,-97.7250356,4,L2,ChargePoint
OCM_120206,30.3902461,-97.7482496,2,L2,ChargePoint
OCM_120209,30.3950637,-97.709135,1,L2,GE WattStation (No longer active)
OCM_120210,30.3962069,-97.7221024,2,L2,ChargePoint
OCM_120211,30.3987005,-97.7240555,2,L2,ChargePoint
OCM_120212,30.399682,-97.7205,10,L2,ChargePoint
OCM_120213,30.399901,-97.683616,6,L2,ChargePoint
OCM_120214,30.401339,-97.724155,6,L2,ChargePoint
OCM_120215,30.404059,-97.850068,2,L2,ChargePoint
OCM_120216,30.4041937,-97.7054647,4,L2,ChargePoint
OCM_120218,30.404742,-97.722769,14,L2,ChargePoint
OCM_120219,30.405175,-97.711583,2,L2,ChargePoint
OCM_120220,30.4060147,-97.7206829,4,L2,ChargePoint
OCM_120222,30.4095565,-97.7459474,2,L2,ChargePoint
OCM_120223,30.4141186,-97.6670087,2,L2,ChargePoint
OCM_120225,30.422284,-97.71646,2,L2,ChargePoint
OCM_120227,30.4240459,-97.7104311,2,L2,ChargePoint
OCM_120230,30.4365941,-97.7776165,2,L2,ChargePoint
OCM_120234,30.442531,-97.62957,8,L2,ChargePoint
OCM_120242,30.455107,-97.768221,2,L2,ChargePoint
OCM_120244,30.469703,-97.598485,6,L2,ChargePoint
OCM_120245,30.4700022,-97.7664347,2,L2,ChargePoint
OCM_120246,30.471863,-97.796031,2,L2,ChargePoint
OCM_120247,30.4768012,-97.7786433,2,L2,ChargePoint
OCM_120248,30.4772328,-97.785194,2,L2,ChargePoint
OCM_120250,30.484634,-97.807088,1,L2,unknown
OCM_120253,30.4963137,-97.6809454,1,L2,unknown
OCM_121665,30.204665,-97.669632,2,L2,ChargePoint
OCM_121667,30.264685,-97.707837,2,L2,ChargePoint
OCM_129568,30.143066,-97.79395,1,DCFC,ChargePoint
OCM_129575,30.256076,-97.869726,4,L2,Tesla (Tesla-only charging)
OCM_129585,30.450758,-97.749282,2,L2,ChargePoint
OCM_131166,30.196669,-97.786373,1,L2,Blink Charging
OCM_131171,30.276423,-97.749389,2,L2,ChargePoint
OCM_131173,30.389507,-97.718895,2,L2,ChargePoint
OCM_137551,30.3061884,-97.7434332,1,L2,ChargePoint
OCM_137553,30.3152291,-97.7243951,1,L2,ChargePoint
OCM_137555,30.3214817,-97.7395649,2,L2,ChargePoint
OCM_137567,30.389267,-97.73974,18,DCFC,Tesla (including non-tesla)
OCM_137573,30.413018,-97.675541,4,DCFC,eVgo Network
OCM_138454,30.14773,-97.8016,2,L2,unknown
OCM_138457,30.1896375,-97.8564284,2,L2,ChargePoint
OCM_138458,30.215936,-97.796703,4,L2,ChargePoint
OCM_138459,30.218091,-97.855,2,L2,ChargePoint
OCM_138463,30.232273,-97.743816,2,L2,unknown
OCM_138464,30.2358563,-97.7415772,2,L2,ChargePoint
OCM_138466,30.244108,-97.844537,5,L2,ChargePoint
OCM_138469,30.2460067,-97.8046215,4,L2,ChargePoint
OCM_138470,30.2468341,-97.8460181,2,L2,ChargePoint
OCM_138473,30.248932,-97.762283,2,L2,ChargePoint
OCM_138475,30.250807,-97.8617171,8,L2,ChargePoint
OCM_138476,30.2540745,-97.8707162,2,L2,ChargePoint
OCM_138477,30.2558811,-97.7628877,1,L2,SemaConnect
OCM_138478,30.25602,-97.7396238,2,L2,Blink Charging
OCM_138479,30.2572051,-97.7599259,2,L2,Blink Charging
OCM_138480,30.259167,-97.807778,4,DCFC,eVgo Network
OCM_138481,30.261032,-97.727974,2,L2,ChargePoint
OCM_138482,30.2651989,-97.7421936,2,L2,ChargePoint
OCM_138483,30.265768,-97.7796813,2,L2,ChargePoint
OCM_138484,30.2710042,-97.7537983,2,L2,ChargePoint
OCM_138485,30.270944,-97.744761,3,DCFC,ChargePoint
OCM_138486,30.280698,-97.824024,2,L2,ChargePoint
OCM_138487,30.28771,-97.829448,2,L2,ChargePoint
OCM_138490,30.304121,-97.702978,5,L2,unknown
OCM_138494,30.318426,-97.71069,2,L2,ChargePoint
OCM_138499,30.329,-97.709399,3,L2,ChargePoint
OCM_138500,30.34747,-97.80102,2,L2,unknown
OCM_138501,30.351485,-97.752008,2,L2,unknown
OCM_138502,30.361342,-97.708505,1,L2,unknown
OCM_138504,30.369535,-97.61957,2,L2,ChargePoint
OCM_138508,30.395059,-97.653607,2,L2,ChargePoint
OCM_138510,30.401695,-97.703797,4,L2,ChargePoint
OCM_138511,30.409913,-97.657751,2,L2,ChargePoint
OCM_138512,30.411955,-97.652813,2,L2,ChargePoint
OCM_138514,30.4133204,-97.6545915,2,L2,ChargePoint
OCM_138515,30.4165888,-97.666054,2,L2,ChargePoint
OCM_138516,30.417411,-97.664204,3,L2,ChargePoint
OCM_138519,30.432152,-97.754892,4,L2,ChargePoint
OCM_138521,30.44599,-97.868845,2,L2,Tesla (Tesla-only charging)
OCM_138522,30.4549274,-97.6021957,2,L2,ChargePoint
OCM_138523,30.467935,-97.789368,4,DCFC,eVgo Network
OCM_158328,30.143914,-97.789427,2,L2,ChargePoint
OCM_158332,30.169432,-97.772125,2,L2,ChargePoint
OCM_158333,30.170794,-97.77565,2,L2,ChargePoint
OCM_158340,30.2644558,-97.7713825,2,L2,ChargePoint
OCM_158341,30.267609,-97.746544,2,L2,ChargePoint
OCM_158344,30.3553784,-97.8028744,2,L2,ChargePoint
OCM_158349,30.479233,-97.8346,2,L2,ChargePoint
OCM_158350,30.49578,-97.821963,2,L2,ChargePoint
OCM_170226,30.402497,-97.724726,16,DCFC,Tesla (Tesla-only charging)
OCM_218111,30.1275596,-97.8025951,3,L2,Blink Charging
OCM_218122,30.162883,-97.792096,12,DCFC,Tesla (including non-tesla)
OCM_218126,30.169054,-97.831975,2,L2,ChargePoint
OCM_218127,30.17242,-97.630913,8,DCFC,Tesla (including non-tesla)
OCM_218134,30.178323,-97.78566,2,L2,ChargePoint
OCM_218137,30.178462,-97.785639,2,L2,ChargePoint
OCM_218139,30.180294,-97.773031,1,L2,ChargePoint
OCM_218141,30.18076,-97.721997,2,L2,ChargePoint
OCM_218152,30.204497,-97.650816,2,L2,ChargePoint
OCM_218153,30.204562,-97.716992,1,L2,ChargePoint
OCM_218155,30.204655,-97.666451,2,L2,ChargePoint
OCM_218156,30.204711,-97.666322,2,L2,ChargePoint
OCM_218158,30.205553,-97.65078,2,L2,ChargePoint
OCM_218161,30.210792,-97.753427,2,L2,ChargePoint
OCM_218165,30.214901,-97.832674,2,L2,Blink Charging
OCM_218167,30.216125,-97.829537,2,L2,ChargePoint
OCM_218169,30.217288,-97.687118,2,L2,ChargePoint
OCM_218170,30.218437,-97.75365,2,L2,ChargePoint
OCM_218171,30.2215703,-97.725749,1,L2,Blink Charging
OCM_218174,30.2261966,-97.821941,8,DCFC,Tesla (including non-tesla)
OCM_218175,30.233412,-97.79311,12,DCFC,Tesla (including non-tesla)
OCM_218181,30.2414843,-97.7115806,2,L2,Blink Charging
OCM_218182,30.241886,-97.720477,2,L2,ChargePoint
OCM_218183,30.2439867499556,-97.7283889473696,1,L2,unknown
OCM_218184,30.244099,-97.725285,2,L2,ChargePoint
OCM_218186,30.244145,-97.725371,2,L2,ChargePoint
OCM_218189,30.2472116,-97.750005,8,DCFC,Tesla (including non-tesla)
OCM_218190,30.247525,-97.858798,2,L2,ChargePoint
OCM_218191,30.248701,-97.88998,2,L2,ChargePoint
OCM_218192,30.25239,-97.69435,2,L2,ChargePoint
OCM_218193,30.25271,-97.707504,2,L2,ChargePoint
OCM_218194,30.253021,-97.693318,2,L2,ChargePoint
OCM_218195,30.254606,-97.717983,2,L2,ChargePoint
OCM_218197,30.254805,-97.718005,2,L2,ChargePoint
OCM_218198,30.254827,-97.605118,12,DCFC,Tesla (including non-tesla)
OCM_218201,30.26208,-97.73814,3,L2,Tesla (Tesla-only charging)
OCM_218202,30.2635448,-97.7283672,11,L2,Blink Charging
OCM_218204,30.26651,-97.74467,2,L2,ChargePoint
OCM_218206,30.268274,-97.785044,2,L2,ChargePoint
OCM_218207,30.268935,-97.744647,2,L2,ChargePoint
OCM_218208,30.268994,-97.751493,2,L2,ChargePoint
OCM_218213,30.274796,-97.769882,8,DCFC,ChargePoint
OCM_218214,30.276513,-97.729639,2,L2,ChargePoint
OCM_218215,30.277097,-97.634893,2,L2,ChargePoint
OCM_218219,30.2822736764252,-97.7430151249186,2,L2,unknown
OCM_218220,30.283043,-97.707983,2,L2,ChargePoint
OCM_218221,30.28308,-97.7258,1,L2,ViaLynk - Lynkwell
OCM_218229,30.289814,-97.827463,8,DCFC,Tesla (including non-tesla)
OCM_218231,30.291332,-97.826267,2,L2,ChargePoint
OCM_218232,30.29923,-97.721107,2,L2,ChargePoint
OCM_218234,30.299838,-97.720009,2,L2,eVgo Network
OCM_218237,30.303737,-97.941771,8,DCFC,Tesla (including non-tesla)
OCM_218238,30.305167,-97.765949,2,L2,ChargePoint
OCM_218239,30.308484,-97.740767,2,L2,ChargePoint
OCM_218240,30.309283,-97.94238,2,L2,ChargePoint
OCM_218241,30.313382,-97.734117,2,L2,ChargePoint
OCM_218248,30.325389,-97.71163,2,L2,ChargePoint
OCM_218249,30.325211,-97.708898,2,L2,ChargePoint
OCM_218252,30.325393,-97.712176,2,L2,ChargePoint
OCM_218254,30.325472,-97.711875,2,L2,ChargePoint
OCM_218256,30.325758,-97.709208,2,L2,ChargePoint
OCM_218258,30.3270635018948,-97.6267227094777,1,L2,unknown
OCM_218262,30.344479,-97.737388,2,L2,ChargePoint
OCM_218264,30.345185,-97.801763,2,L2,ChargePoint
OCM_218265,30.345234,-97.7093,2,L2,ChargePoint
OCM_218267,30.355819,-97.68882,2,L2,AmpUp
OCM_218274,30.377307,-97.639693,2,L2,ChargePoint
OCM_218276,30.3807655,-97.6518017,2,L2,Blink Charging
OCM_218277,30.380918,-97.877397,2,L2,ChargePoint
OCM_218278,30.382631,-97.878773,2,L2,ChargePoint
OCM_218280,30.382266,-97.64835,2,L2,ChargePoint
OCM_218281,30.384216,-97.648232,2,L2,ChargePoint
OCM_218282,30.386721,-97.684214,1,L2,ChargePoint
OCM_218286,30.386502,-97.71917,2,L2,ChargePoint
OCM_218287,30.387332,-97.883922,2,L2,Blink Charging
OCM_218290,30.393993,-97.716901,2,L2,ChargePoint
OCM_218291,30.395855,-97.851517,2,L2,ChargePoint
OCM_218294,30.401086,-97.707509,2,L2,ChargePoint
OCM_218295,30.401434,-97.735844,2,L2,ChargePoint
OCM_218296,30.401812,-97.684096,2,L2,ChargePoint
OCM_218306,30.411955,-97.656856,2,L2,ChargePoint
OCM_218311,30.4220575,-97.5899489,6,DCFC,Graviti Energy
OCM_218316,30.430192,-97.641249,2,L2,ChargePoint
OCM_218320,30.4325349313278,-97.670899091013,1,L2,unknown
OCM_218326,30.438427,-97.733089,2,L2,Blink Charging
OCM_218328,30.4399434466724,-97.7778282228559,1,L2,unknown
OCM_218330,30.443287,-97.666997,2,L2,Blink Charging
OCM_218333,30.44771,-97.66419,2,L2,Shell Recharge Solutions (US)
OCM_218339,30.458594,-97.7526,2,L2,ChargePoint
OCM_218342,30.47686,-97.78153,2,L2,Blink Charging
OCM_218343,30.471745,-97.594474,2,L2,Blink Charging
OCM_218346,30.473632,-97.809632,2,L2,ChargePoint
OCM_218348,30.47664,-97.76705,2,L2,ChargePoint
OCM_218350,30.4835479004735,-97.6543174389398,2,L2,unknown
OCM_218353,30.502925,-97.580873,12,DCFC,Tesla (including non-tesla)
OCM_218359,30.522280563004,-97.6323571282069,2,L2,unknown
OCM_239534,30.185298,-97.801157,2,L2,ChargePoint
OCM_239535,30.188007,-97.663024,3,L2,Tesla (Tesla-only charging)
OCM_239537,30.205514,-97.66241,2,L2,ChargePoint
OCM_239538,30.20963,-97.660839,2,L2,ChargePoint
OCM_239539,30.210804,-97.667511,2,L2,ChargePoint
OCM_239540,30.21145,-97.662103,2,L2,ChargePoint
OCM_239544,30.2215037,-97.8411819,2,L2,Blink Charging
OCM_239545,30.23125,-97.887922,2,L2,ChargePoint
OCM_239548,30.238042,-97.755903,1,L2,Tesla (Tesla-only charging)
OCM_239550,30.238322,-97.754042,2,L2,eVgo Network
OCM_239551,30.243203,-97.721277,2,L2,ChargePoint
OCM_239552,30.245102,-97.85699,2,L2,ChargePoint
OCM_239553,30.248227,-97.860915,2,L2,ChargePoint
OCM_239554,30.250937,-97.863477,2,L2,ChargePoint
OCM_239555,30.251357,-97.689015,2,L2,ChargePoint
OCM_239557,30.256454,-97.738827,2,L2,ChargePoint
OCM_239558,30.256605,-97.760382,2,L2,ChargePoint
OCM_239560,30.2573001,-97.7393148,26,L2,Tesla (Tesla-only charging)
OCM_239561,30.258523,-97.739467,2,L2,ChargePoint
OCM_239562,30.258581,-97.738748,2,DCFC,ChargePoint
OCM_239564,30.2590044185105,-97.74947235007859,16,L2,unknown
OCM_239566,30.259705,-97.752496,2,L2,ChargePoint
OCM_239567,30.260466,-97.746417,2,L2,ChargePoint
OCM_239570,30.262814,-97.741677,1,L2,Tesla (Tesla-only charging)
OCM_239571,30.26287,-97.74332,2,L2,Tesla (Tesla-only charging)
OCM_239572,30.263501,-97.742377,2,L2,ChargePoint
OCM_239573,30.264185,-97.733688,8,DCFC,ChargePoint
OCM_239574,30.264505,-97.743302,2,L2,Tesla (Tesla-only charging)
OCM_239575,30.264942,-97.746925,2,L2,ChargePoint
OCM_239576,30.264999,-97.733411,2,L2,ChargePoint
OCM_239577,30.265132,-97.742883,2,L2,ChargePoint
OCM_239580,30.266457,-97.774745,2,L2,ChargePoint
OCM_239583,30.26652,-97.750175,2,L2,ChargePoint
OCM_239584,30.266573,-97.74553,2,L2,ChargePoint
OCM_239586,30.266867,-97.754082,16,DCFC,ChargePoint
OCM_239587,30.266973,-97.741718,2,L2,ChargePoint
OCM_239592,30.267318,-97.744906,2,L2,ChargePoint
OCM_239593,30.267321,-97.754548,2,L2,ChargePoint
OCM_239596,30.267694,-97.742662,2,L2,ChargePoint
OCM_239597,30.267965,-97.75092,2,L2,ChargePoint
OCM_239598,30.268116,-97.706104,2,L2,ChargePoint
OCM_239599,30.268247,-97.746169,2,L2,ChargePoint
OCM_239600,30.268266,-97.755017,2,L2,ChargePoint
OCM_239601,30.268325,-97.746009,2,L2,ChargePoint
OCM_239602,30.26902,-97.747146,8,L2,Tesla (Tesla-only charging)
OCM_239603,30.269491,-97.742266,4,L2,Tesla (Tesla-only charging)
OCM_239604,30.270384,-97.73108,2,L2,ChargePoint
OCM_239605,30.270815,-97.750664,2,L2,ChargePoint
OCM_239606,30.271041,-97.721917,1,L2,unknown
OCM_239608,30.2744,-97.76379,2,L2,ChargePoint
OCM_239610,30.2758029,-97.7652697,2,L2,Blink Charging
OCM_239611,30.276909,-97.666756,2,L2,ChargePoint
OCM_239614,30.277878,-97.634871,2,L2,ChargePoint
OCM_239617,30.2925257684775,-97.5539999422638,2,L2,unknown
OCM_239618,30.298396,-97.767903,2,L2,ChargePoint
OCM_239619,30.29929,-97.663216,2,L2,ChargePoint
OCM_239620,30.29994,-97.66307,2,L2,ChargePoint
OCM_239621,30.300934,-97.699428,1,L2,ChargePoint
OCM_239622,30.302226,-97.706256,2,L2,ChargePoint
OCM_239623,30.302516,-97.69892,2,L2,ChargePoint
OCM_239624,30.303008,-97.705534,2,L2,ChargePoint
OCM_239626,30.307388,-97.938035,2,L2,ChargePoint
OCM_239627,30.307769,-97.93863,2,L2,ChargePoint
OCM_239629,30.322654,-97.712743,2,L2,ChargePoint
OCM_239636,30.333969,-97.751358,2,L2,ChargePoint
OCM_239637,30.337065,-97.680709,2,L2,ChargePoint
OCM_239641,30.374542,-97.731445,3,DCFC,unknown
OCM_239648,30.392202,-97.750038,5,L2,Tesla (Tesla-only charging)
OCM_239649,30.394594,-97.721941,2,L2,ChargePoint
OCM_239652,30.3961881,-97.7257578,3,L2,Blink Charging
OCM_239653,30.398309,-97.719381,5,L2,Tesla (Tesla-only charging)
OCM_239654,30.400955,-97.720104,2,L2,ChargePoint
OCM_239655,30.401112,-97.720061,2,L2,ChargePoint
OCM_239656,30.402022,-97.723273,2,L2,ChargePoint
OCM_239657,30.404277,-97.722415,2,L2,ChargePoint
OCM_239659,30.404949,-97.718551,2,L2,ChargePoint
OCM_239660,30.40522,-97.719541,2,L2,ChargePoint
OCM_239661,30.405552,-97.720061,2,L2,ChargePoint
OCM_239662,30.407286,-97.727058,2,L2,ChargePoint
OCM_239663,30.411322,-97.652349,2,L2,ChargePoint
OCM_239671,30.427967,-97.754411,1,L2,ChargePoint
OCM_239672,30.429363,-97.755248,2,L2,ChargePoint
OCM_239681,30.470173,-97.597877,2,L2,Shell Recharge Solutions (US)
OCM_239683,30.477716,-97.779045,2,L2,ChargePoint
OCM_239686,30.4837127824507,-97.6536431729039,2,L2,unknown
OCM_262030,30.1973082,-97.7692414,4,L2,Graviti Energy
OCM_262032,30.2219469,-97.6896583,2,L2,Universal EV Charging
OCM_262034,30.26988888851664,-97.75281860704196,5,L2,Blink Charging
OCM_262052,30.454468,-97.667152,2,L2,Blink Charging
OCM_262056,30.519261,-97.649777,2,L2,Blink Charging
OCM_268692,30.265425,-97.750329,2,L2,ChargePoint
OCM_268699,30.333922,-97.811243,1,L2,ChargePoint
OCM_268700,30.334024,-97.811265,1,L2,ChargePoint
OCM_268704,30.3952224,-97.7185238,12,L2,Blink Charging
OCM_268709,30.466493205557043,-97.59719429672953,6,DCFC,eVgo Network
OCM_271126,30.395762,-97.722896,2,L2,ChargePoint
OCM_271127,30.44562491157416,-97.7073334548106,8,L2,unknown
OCM_271128,30.460477,-97.750024,2,L2,ChargePoint
OCM_275267,30.201711,-97.703517,2,L2,ChargePoint
OCM_275268,30.204279,-97.668552,2,L2,ChargePoint
OCM_275270,30.216366,-97.767436,2,L2,ChargePoint
OCM_275272,30.216009,-97.767157,2,L2,ChargePoint
OCM_275274,30.2232995,-97.707007,2,L2,Blink Charging
OCM_275276,30.24178751823029,-97.72902474759495,8,L2,Blink Charging
OCM_275277,30.2473253,-97.8641752,6,L2,Blink Charging
OCM_275278,30.250925,-97.763854,2,L2,ChargePoint
OCM_275282,30.257474,-97.734095,2,L2,ChargePoint
OCM_275283,30.261227,-97.72703,2,L2,ChargePoint
OCM_275284,30.2636937,-97.7437856,4,L2,Blink Charging
OCM_275285,30.2658296,-97.744641,4,L2,Blink Charging
OCM_275289,30.286438,-97.71047699999997,1,L2,Blink Charging
OCM_275290,30.286947,-97.745766,8,L2,Blink Charging
OCM_275291,30.2898281,-97.7509178,8,L2,Blink Charging
OCM_275302,30.338235,-97.695149,2,L2,ChargePoint
OCM_275303,30.345682,-97.802525,2,L2,ChargePoint
OCM_275307,30.3861107,-97.736493,5,L2,Blink Charging
OCM_275311,30.358916,-97.6708935,2,L2,Blink Charging
OCM_275314,30.408382,-97.726244,2,L2,ChargePoint
OCM_275316,30.411329,-97.72209,2,L2,ChargePoint
OCM_275317,30.411388,-97.727054,2,L2,ChargePoint
OCM_275319,30.4326384308349,-97.6529755760007,8,L2,Graviti Energy
OCM_275320,30.4354516,-97.7411186,3,L2,Blink Charging
OCM_275321,30.45659,-97.6679,2,DCFC,unknown
OCM_275322,30.456927,-97.668248,2,L2,ChargePoint
OCM_275325,30.466059,-97.809405,2,L2,ChargePoint
OCM_275326,30.46945,-97.58957,2,DCFC,unknown
OCM_275328,30.4828568,-97.64857,6,L2,Blink Charging
OCM_275329,30.484986,-97.802225,2,L2,ChargePoint
OCM_275330,30.4853165711195,-97.68779307663921,1,L2,Blink Charging
OCM_275331,30.4861039868537,-97.68491162081706,1,L2,Blink Charging
OCM_281500,30.243704,-97.846168,2,L2,ChargePoint
OCM_281502,30.25856979068672,-97.73805901408198,4,L2,Flash Charging
OCM_281504,30.260168,-97.79116,2,L2,ChargePoint
OCM_281505,30.261008,-97.789642,2,L2,ChargePoint
OCM_281506,30.262205,-97.788401,2,L2,ChargePoint
OCM_281509,30.29,-97.75,2,L2,AmpUp
OCM_281512,30.3401401,-97.692619,8,DCFC,eVgo Network
OCM_281514,30.383012,-97.874328,2,L2,ChargePoint
OCM_281516,30.263779,-97.78585,2,L2,ChargePoint
OCM_281517,30.393963,-97.851873,2,L2,ChargePoint
OCM_281518,30.4102376759659,-97.6771030244514,1,L2,unknown
OCM_281520,30.4464693108529,-97.6689593389616,2,L2,unknown
OCM_281522,30.4674539292429,-97.6000595965774,2,L2,Tesla (Tesla-only charging)
OCM_293413,30.2112,-97.722936,2,L2,ChargePoint
OCM_293414,30.247944,-97.852813,2,L2,ChargePoint
OCM_293415,30.256433,-97.73791,2,L2,ChargePoint
OCM_293422,30.260703,-97.7241,2,L2,ChargePoint
OCM_293423,30.268782,-97.740868,2,L2,ChargePoint
OCM_293424,30.277278,-97.747125,2,L2,ChargePoint
OCM_293426,30.27911,-97.736501,2,L2,ChargePoint
OCM_293429,30.300586,-97.693415,4,DCFC,ChargePoint
OCM_293430,30.300627,-97.707116,2,L2,Blink Charging
OCM_293431,30.304843,-97.70237,2,L2,ChargePoint
OCM_293433,30.327689,-97.714077,2,L2,ChargePoint
OCM_293435,30.36968497938542,-97.62071739058524,2,L2,Blink Charging
OCM_293437,30.39337,-97.74561,6,DCFC,eVgo Network
OCM_293438,30.400944,-97.733913,2,L2,ChargePoint
OCM_293444,30.47798,-97.77821,2,L2,ChargePoint
OCM_297772,30.2260416768242,-97.82170439574243,12,DCFC,eVgo Network
OCM_297773,30.196315975908334,-97.77704643322522,6,DCFC,eVgo Network
OCM_297774,30.40505138234525,-97.67338385826547,8,DCFC,eVgo Network
OCM_318725,30.152361,-97.75638,2,L2,ChargePoint
OCM_318753,30.168637,-97.795785,2,L2,ChargePoint
OCM_318759,30.171537,-97.823545,2,DCFC,eVgo Network
OCM_318762,30.172599,-97.777067,2,L2,ChargePoint
OCM_318807,30.188884,-97.73848,2,L2,ChargePoint
OCM_318810,30.189638,-97.856428,2,L2,ChargePoint
OCM_318822,30.1963175,-97.7770395,2,DCFC,eVgo Network
OCM_318823,30.196669,-97.786373,1,L2,Blink Charging
OCM_318832,30.1992718,-97.7773059,8,L2,EVGateway
OCM_318834,30.200106,-97.767194,2,DCFC,Tesla (including non-tesla)
OCM_318842,30.204572,-97.669392,2,L2,ChargePoint
OCM_318843,30.204646,-97.716911,1,L2,ChargePoint
OCM_318847,30.20473,-97.669397,2,L2,ChargePoint
OCM_318861,30.210138,-97.752801,1,L2,ChargePoint
OCM_318862,30.210387,-97.664586,2,L2,ChargePoint
OCM_318870,30.211214,-97.667425,2,DCFC,ChargePoint
OCM_318873,30.211718,-97.662318,2,L2,ChargePoint
OCM_318877,30.212977,-97.76096,1,L2,ChargePoint
OCM_318880,30.213364,-97.761762,1,L2,ChargePoint
OCM_318887,30.214916,-97.742151,16,DCFC,Tesla (including non-tesla)
OCM_318892,30.215938,-97.79632,2,L2,ChargePoint
OCM_318894,30.216052,-97.796252,2,L2,ChargePoint
OCM_318897,30.216639,-97.720183,2,L2,Tesla (Tesla-only charging)
OCM_318903,30.218294,-97.661946,2,L2,ChargePoint
OCM_318905,30.218386,-97.661967,2,L2,ChargePoint
OCM_318907,30.218512,-97.661999,2,L2,ChargePoint
OCM_318910,30.2215037,-97.8411819,2,L2,Blink Charging
OCM_318919,30.2260252,-97.8217026,2,DCFC,eVgo Network
OCM_318923,30.227187,-97.705911,2,L2,ChargePoint
OCM_318924,30.2272,-97.75565,2,L2,Loop
OCM_318925,30.227377,-97.888485,4,DCFC,Shell Recharge Solutions (US)
OCM_318926,30.227456,-97.726096,2,L2,ChargePoint
OCM_318931,30.231128,-97.889867,2,L2,ChargePoint
OCM_318935,30.231758,-97.729473,2,L2,ChargePoint
OCM_318937,30.232256,-97.798438,2,L2,ChargePoint
OCM_318942,30.235116,-97.917332,2,L2,ChargePoint
OCM_318943,30.235372,-97.741448,2,L2,Tesla (Tesla-only charging)
OCM_318945,30.236473,-97.782607,2,L2,ChargePoint
OCM_318956,30.240527,-97.730373,2,L2,ChargePoint
OCM_318957,30.241021,-97.720766,2,L2,ChargePoint
OCM_318961,30.241623,-97.840922,2,L2,ChargePoint
OCM_318964,30.241898,-97.841274,2,L2,ChargePoint
OCM_318965,30.241913,-97.720142,2,L2,ChargePoint
OCM_318967,30.242182,-97.721027,2,L2,ChargePoint
OCM_318979,30.246007,-97.804622,2,L2,ChargePoint
OCM_318982,30.246834,-97.846018,2,L2,ChargePoint
OCM_318994,30.2488,-97.734625,2,L2,ChargePoint
OCM_318999,30.250494,-97.859294,2,L2,ChargePoint
OCM_319012,30.254524,-97.69309,1,L2,ChargePoint
OCM_319017,30.2558811,-97.7628877,2,L2,Blink Charging
OCM_319020,30.256224,-97.73954,2,L2,ChargePoint
OCM_319023,30.256761,-97.738302,2,L2,ChargePoint
OCM_319024,30.256815,-97.748988,2,L2,ChargePoint
OCM_319028,30.2573,-97.739315,26,L2,Tesla (Tesla-only charging)
OCM_319029,30.257408,-97.760062,2,L2,ChargePoint
OCM_319033,30.25856069729713,-97.73788869380951,4,L2,Flash Charging
OCM_319040,30.25904519386215,-97.74902388453484,18,L2,Flash Charging
OCM_319043,30.259201,-97.751695,2,L2,ChargePoint
OCM_319052,30.260205,-97.737929,4,L2,Loop
OCM_319064,30.261633,-97.723906,2,L2,ChargePoint
OCM_319070,30.263259,-97.729353,6,L2,Flash Charging
OCM_319075,30.263529,-97.742431,2,L2,ChargePoint
OCM_319080,30.26396,-97.744801,2,L2,ChargePoint
OCM_319081,30.2639761724265,-97.7333565250117,12,L2,ChargePoint
OCM_319086,30.26505,-97.74187,24,L2,Tesla (Tesla-only charging)
OCM_319092,30.266102,-97.751688,2,L2,ChargePoint
OCM_319093,30.26628,-97.74826,4,L2,Loop
OCM_319102,30.266691,-97.745766,2,L2,ChargePoint
OCM_319103,30.266878,-97.754108,2,DCFC,ChargePoint
OCM_319116,30.267372,-97.693436,2,L2,ChargePoint
OCM_319117,30.267581,-97.744568,2,L2,ChargePoint
OCM_319121,30.268093,-97.706182,2,L2,ChargePoint
OCM_319126,30.268638,-97.744304,2,L2,ChargePoint
OCM_319128,30.268843,-97.748206,4,L2,Tesla (Tesla-only charging)
OCM_319129,30.268846,-97.740768,2,L2,ChargePoint
OCM_319130,30.268858,-97.744588,2,L2,ChargePoint
OCM_319134,30.269023,-97.751429,2,L2,ChargePoint
OCM_319136,30.269525,-97.786972,2,L2,ChargePoint
OCM_319143,30.270914,-97.744676,2,DCFC,ChargePoint
OCM_319144,30.271004,-97.753798,2,L2,ChargePoint
OCM_319146,30.271048,-97.743495,9,L2,Tesla (Tesla-only charging)
OCM_319150,30.271779,-97.759735,2,L2,ChargePoint
OCM_319152,30.273037,-97.759986,2,L2,ChargePoint
OCM_319153,30.274209,-97.764758,2,L2,ChargePoint
OCM_319155,30.274388,-97.764731,2,L2,ChargePoint
OCM_319161,30.275195,-97.734584,2,L2,ChargePoint
OCM_319166,30.276072,-97.8178,2,L2,ChargePoint
OCM_319168,30.276537,-97.749263,2,L2,ChargePoint
OCM_319169,30.276571,-97.729718,2,L2,ChargePoint
OCM_319179,30.282611,-97.709238,2,L2,ChargePoint
OCM_319180,30.282672,-97.731185,2,L2,ChargePoint
OCM_319191,30.28544,-97.715107,2,L2,ChargePoint
OCM_319199,30.288486,-97.741708,2,L2,ChargePoint
OCM_319214,30.292495,-97.827741,2,DCFC,ChargePoint
OCM_319216,30.292555,-97.82774,2,DCFC,ChargePoint
OCM_319218,30.293072,-97.555372,2,L2,Tesla (Tesla-only charging)
OCM_319224,30.296471,-97.71952,2,L2,ChargePoint
OCM_319230,30.29942,-97.70344,2,L2,Loop
OCM_319236,30.30187,-97.70291,2,L2,Loop
OCM_319237,30.302165,-97.706282,2,L2,ChargePoint
OCM_319238,30.302216,-97.697827,2,DCFC,ChargePoint
OCM_319240,30.302259,-97.697916,2,DCFC,ChargePoint
OCM_319245,30.303141,-97.705403,2,L2,ChargePoint
OCM_319248,30.304182,-97.828161,2,L2,ChargePoint
OCM_319252,30.30556,-97.82542,5,L2,Loop
OCM_319260,30.31265382411267,-97.73016768260557,2,L2,Blink Charging
OCM_319261,30.313121,-97.946493,2,L2,ChargePoint
OCM_319265,30.31478,-97.87147,1,L2,Loop
OCM_319267,30.315229,-97.724395,1,L2,ChargePoint
OCM_319271,30.31659,-97.75761,2,L2,ChargePoint
OCM_319273,30.317907,-97.755752,2,L2,ChargePoint
OCM_319275,30.317999,-97.755737,2,L2,ChargePoint
OCM_319283,30.32079,-97.70602,3,L2,unknown
OCM_319285,30.321482,-97.739565,2,L2,ChargePoint
OCM_319290,30.321983,-97.729018,2,L2,Loop
OCM_319293,30.322633,-97.712751,2,L2,ChargePoint
OCM_319301,30.325365,-97.708779,2,L2,ChargePoint
OCM_319302,30.325373,-97.71217,2,L2,ChargePoint
OCM_319305,30.325409,-97.711627,2,L2,ChargePoint
OCM_319309,30.325481,-97.711914,2,L2,ChargePoint
OCM_319311,30.325501,-97.711989,2,L2,ChargePoint
OCM_319321,30.329001,-97.70927,2,L2,ChargePoint
OCM_319327,30.329275,-97.706259,8,DCFC,Tesla (including non-tesla)
OCM_319331,30.329889,-97.661712,2,L2,ChargePoint
OCM_319333,30.330046,-97.739251,2,L2,ChargePoint
OCM_319334,30.33089,-97.668908,2,L2,ChargePoint
OCM_319345,30.336417,-97.807299,1,L2,ChargePoint
OCM_319346,30.337065,-97.680709,2,L2,ChargePoint
OCM_319347,30.338446,-97.807693,2,L2,ChargePoint
OCM_319350,30.341918,-97.557796,2,L2,ChargePoint
OCM_319353,30.343555,-97.737579,1,L2,ChargePoint
OCM_319364,30.34762526696876,-97.56102483266011,1,L2,Blink Charging
OCM_319367,30.3501546,-97.5644278,2,L2,Blink Charging
OCM_319370,30.352052,-97.708054,1,L2,Tesla (Tesla-only charging)
OCM_319373,30.354316,-97.751746,1,L2,Blink Charging
OCM_319421,30.385777,-97.886769,2,L2,ChargePoint
OCM_319422,30.386292,-97.719487,2,L2,ChargePoint
OCM_319437,30.388545,-97.720898,2,L2,ChargePoint
OCM_319445,30.389602,-97.725084,2,L2,ChargePoint
OCM_319447,30.389653,-97.725036,2,L2,ChargePoint
OCM_319455,30.390547,-97.74802,2,L2,ChargePoint
OCM_319461,30.39337,-97.74561,2,DCFC,eVgo Network
OCM_319465,30.394301,-97.827962,2,L2,ChargePoint
OCM_319469,30.394787,-97.653242,1,L2,ChargePoint
OCM_319472,30.395228,-97.628907,1,L2,ChargePoint
OCM_319478,30.3967567023291,-97.74748302037412,4,L2,Blink Charging
OCM_319484,30.3987,-97.724056,2,L2,ChargePoint
OCM_319491,30.401797,-97.587058,2,L2,ChargePoint
OCM_319495,30.402497,-97.724726,16,DCFC,Tesla (including non-tesla)
OCM_319496,30.403457,-97.720062,2,L2,ChargePoint
OCM_319497,30.403851,-97.719127,2,L2,ChargePoint
OCM_319499,30.404094,-97.705372,2,L2,ChargePoint
OCM_319500,30.404251,-97.719409,2,L2,ChargePoint
OCM_319502,30.404284,-97.719332,2,L2,ChargePoint
OCM_319503,30.4042847,-97.67727889999999,4,L2,EVGateway
OCM_319504,30.404285,-97.719316,2,L2,ChargePoint
OCM_319505,30.404286,-97.722383,2,L2,ChargePoint
OCM_319506,30.404303,-97.719388,2,L2,ChargePoint
OCM_319507,30.404333,-97.722383,2,L2,ChargePoint
OCM_319510,30.4051,-97.67333,2,DCFC,eVgo Network
OCM_319515,30.405365,-97.84813,2,L2,ChargePoint
OCM_319518,30.405992,-97.720755,2,L2,ChargePoint
OCM_319532,30.408686,-97.725307,2,L2,ChargePoint
OCM_319534,30.409556,-97.745947,2,L2,ChargePoint
OCM_319542,30.411571,-97.851765,3,L2,EV Connect
OCM_319551,30.414119,-97.667009,2,L2,ChargePoint
OCM_319553,30.416583,-97.666048,2,L2,ChargePoint
OCM_319554,30.41696,-97.67349,8,DCFC,Hyperfuel
OCM_319558,30.417552,-97.748979,4,L2,Tesla (Tesla-only charging)
OCM_319576,30.42871,-97.744552,2,L2,ChargePoint
OCM_319577,30.429287,-97.747858,2,L2,ChargePoint
OCM_319580,30.429442,-97.755212,2,L2,ChargePoint
OCM_319595,30.43423,-97.67786,6,L2,Loop
OCM_319638,30.45155475284386,-97.79008588462042,4,L2,Blink Charging
OCM_319653,30.45618,-97.66812,2,DCFC,Shell Recharge Solutions (US)
OCM_319664,30.46639,-97.59718,2,DCFC,eVgo Network
OCM_319665,30.46839,-97.765762,2,L2,Loop
OCM_319667,30.470002,-97.766435,2,L2,ChargePoint
OCM_319680,30.4758,-97.79126,2,L2,ChargePoint
OCM_319683,30.477094,-97.785112,2,L2,ChargePoint
OCM_319685,30.477825,-97.680383,3,L2,Tesla (Tesla-only charging)
OCM_319692,30.480673,-97.612727,2,L2,ChargePoint
OCM_319695,30.48124658039935,-97.80166457802903,6,L2,Blink Charging
OCM_319698,30.48196,-97.74615,12,L2,Loop
OCM_319733,30.5101558,-97.7131789,4,L2,Blink Charging
OCM_458134,30.268887,-97.738936,2,L2,ChargePoint
OCM_458135,30.30235,-97.705059,2,L2,ChargePoint
OCM_458136,30.302368,-97.705102,2,L2,ChargePoint
OCM_458141,30.390546,-97.733035,24,DCFC,Tesla (including non-tesla)
OCM_458146,30.488787,-97.678421,2,L2,Blink Charging
OCM_464894,30.229606,-97.669543,1,L2,ChargePoint
OCM_464895,30.241578,-97.721452,2,L2,ChargePoint
OCM_464896,30.24223647384246,-97.72993160371372,4,L2,Blink Charging
OCM_464898,30.25323049257088,-97.76287370427637,9,L2,Blink Charging
OCM_464899,30.254054,-97.761958,2,L2,ChargePoint
OCM_464900,30.266864,-97.747689,2,L2,ChargePoint
OCM_464901,30.266895,-97.747928,2,L2,ChargePoint
OCM_464902,30.267409,-97.673048,2,L2,ChargePoint
OCM_464904,30.2743023,-97.7344636,17,L2,unknown
OCM_464907,30.304545,-97.747409,2,L2,ChargePoint
OCM_464912,30.3317551,-97.71545909999999,2,DCFC,EVGateway
OCM_464913,30.338339,-97.598896,2,L2,ChargePoint
OCM_464914,30.3483,-97.559985,4,DCFC,unknown
OCM_464919,30.38416,-97.652007,2,L2,ChargePoint
OCM_464920,30.384541,-97.651735,2,L2,ChargePoint
OCM_464922,30.38465,-97.651187,2,L2,ChargePoint
OCM_464923,30.384675,-97.653666,2,L2,ChargePoint
OCM_464924,30.385499,-97.653147,2,L2,ChargePoint
OCM_464929,30.4004594,-97.675086,2,DCFC,Red E Charge
OCM_464930,30.403719,-97.673296,16,DCFC,Tesla (including non-tesla)
OCM_464931,30.408505,-97.727699,2,L2,ChargePoint
OCM_464932,30.4127,-97.746848,6,DCFC,EV Connect
OCM_464940,30.47135,-97.80378,6,DCFC,Electrify America
OCM_464943,30.4818265,-97.6241836,4,L2,AmpUp
