site_id,lat,lon,is_existing,community_id,distance_to_nearest_existing_km,node_weight
OCM_4343,30.260241,-97.753823,True,0,0.0,
OCM_4638,30.20633,-97.75936,True,0,0.0,
OCM_5053,30.258713,-97.751992,True,0,0.0,
OCM_5154,30.191115923061915,-97.77210831642151,True,0,0.0,
OCM_5693,30.268109,-97.749269,True,0,0.0,
OCM_19221,30.216443,-97.69223,True,0,0.0,
OCM_26403,30.2201063,-97.8414142,True,0,0.0,
OCM_26412,30.2599577,-97.7185673,True,0,0.0,
OCM_26413,30.2604763,-97.7467678,True,0,0.0,
OCM_26418,30.2730369,-97.7599861,True,0,0.0,
OCM_26442,30.428827,-97.755163,True,0,0.0,
OCM_41952,30.288602,-97.742362,True,0,0.0,
OCM_51755,30.351799,-97.70791,True,0,0.0,
OCM_51758,30.2520199,-97.7470902,True,0,0.0,
OCM_51759,30.283176,-97.745492,True,0,0.0,
OCM_51760,30.3272668,-97.9254155,True,1,0.0,
OCM_51764,30.3953578,-97.7262403,True,0,0.0,
OCM_66845,30.1873295,-97.663001,True,0,0.0,
OCM_66852,30.2616179,-97.7422804,True,0,0.0,
OCM_66854,30.2690776,-97.7419653,True,0,0.0,
OCM_66859,30.2910848,-97.8587169,True,0,0.0,
OCM_66868,30.408205,-97.666596,True,0,0.0,
OCM_66869,30.410666,-97.849318,True,2,0.0,
OCM_66873,30.4800386,-97.6865666,True,0,0.0,
OCM_71274,30.3982556,-97.7175045,True,0,0.0,
OCM_72144,30.250097,-97.74838,True,0,0.0,
OCM_72145,30.2780642,-97.7101874,True,0,0.0,
OCM_72877,30.2317577,-97.7294727,True,0,0.0,
OCM_72878,30.2322565,-97.7984376,True,0,0.0,
OCM_72879,30.3165756,-97.7576429,True,0,0.0,
OCM_75770,30.3571063,-97.7486304,True,0,0.0,
OCM_75771,30.3918212,-97.7497533,True,0,0.0,
OCM_80110,30.4036314,-97.7199011,True,0,0.0,
OCM_81416,30.259012,-97.747352,True,0,0.0,
OCM_81537,30.352669,-97.70974,True,0,0.0,
OCM_81612,30.265397,-97.746566,True,0,0.0,
OCM_81983,30.44599,-97.868845,True,3,0.0,
OCM_84579,30.250541,-97.749422,True,0,0.0,
OCM_85015,30.440841,-97.779967,True,0,0.0,
OCM_85698,30.259977,-97.739149,True,0,0.0,
OCM_85870,30.251446,-97.74933,True,0,0.0,
OCM_87307,30.396418,-97.931356,True,4,0.0,
OCM_89130,30.255806,-97.872517,True,0,0.0,
OCM_89135,30.408048,-97.725664,True,0,0.0,
OCM_89895,30.2658848,-97.7488913,True,0,0.0,
OCM_93254,30.26662,-97.740375,True,0,0.0,
OCM_97575,30.293072,-97.555372,True,5,0.0,
OCM_97965,30.329275,-97.706259,True,0,0.0,
OCM_102309,30.2639605,-97.7448014,True,0,0.0,
OCM_104405,30.477825,-97.680383,True,0,0.0,
OCM_105494,30.475146,-97.801817,True,0,0.0,
OCM_108710,30.309487,-97.935413,True,1,0.0,
OCM_109986,30.271704,-97.713959,True,0,0.0,
OCM_114058,30.256871,-97.872615,True,0,0.0,
OCM_120063,30.168498,-97.795821,True,0,0.0,
OCM_120064,30.1725993,-97.7770672,True,0,0.0,
OCM_120067,30.179581,-97.769283,True,0,0.0,
OCM_120068,30.183177,-97.769817,True,0,0.0,
OCM_120071,30.1915824,-97.7756261,True,0,0.0,
OCM_120072,30.192647,-97.714329,True,0,0.0,
OCM_120077,30.2004397,-97.7614465,True,0,0.0,
OCM_120078,30.2044779,-97.7837356,True,0,0.0,
OCM_120079,30.20495,-97.663249,True,0,0.0,
OCM_120081,30.2064064,-97.8070474,True,0,0.0,
OCM_120082,30.208074,-97.661328,True,0,0.0,
OCM_120083,30.2103867,-97.6645856,True,0,0.0,
OCM_120084,30.2106958,-97.6680811,True,0,0.0,
OCM_120085,30.2117271,-97.7722847,True,0,0.0,
OCM_120086,30.212027,-97.6629,True,0,0.0,
OCM_120089,30.2134523,-97.657691,True,0,0.0,
OCM_120091,30.218336,-97.662154,True,0,0.0,
OCM_120092,30.2210641,-97.7704077,True,0,0.0,
OCM_120093,30.2228031,-97.7461014,True,0,0.0,
OCM_120096,30.226907,-97.751966,True,0,0.0,
OCM_120097,30.2274341,-97.7185399,True,0,0.0,
OCM_120098,30.2274564,-97.7260962,True,0,0.0,
OCM_120100,30.230035,-97.88718,True,0,0.0,
OCM_120101,30.230389,-97.706509,True,0,0.0,
OCM_120102,30.231714,-97.883409,True,0,0.0,
OCM_120105,30.2339144,-97.7272544,True,0,0.0,
OCM_120106,30.2351158,-97.9173324,True,0,0.0,
OCM_120107,30.2364735,-97.7826067,True,0,0.0,
OCM_120108,30.2405269,-97.7303727,True,0,0.0,
OCM_120109,30.2409768,-97.7262592,True,0,0.0,
OCM_120116,30.2491199,-97.8624178,True,0,0.0,
OCM_120118,30.254424,-97.781461,True,0,0.0,
OCM_120119,30.2564747,-97.7517587,True,0,0.0,
OCM_120121,30.258221,-97.725239,True,0,0.0,
OCM_120123,30.2596413,-97.859784,True,0,0.0,
OCM_120124,30.260355,-97.723548,True,0,0.0,
OCM_120128,30.261602,-97.719623,True,0,0.0,
OCM_120130,30.2619108,-97.7739459,True,0,0.0,
OCM_120136,30.26751,-97.693652,True,0,0.0,
OCM_120137,30.26824,-97.70695,True,0,0.0,
OCM_120138,30.2695252,-97.7869716,True,0,0.0,
OCM_120139,30.269824,-97.73169,True,0,0.0,
OCM_120140,30.270564,-97.749005,True,0,0.0,
OCM_120141,30.27396,-97.734846,True,0,0.0,
OCM_120142,30.274325,-97.764488,True,0,0.0,
OCM_120144,30.275385,-97.734899,True,0,0.0,
OCM_120146,30.276287,-97.817234,True,0,0.0,
OCM_120148,30.283044,-97.824902,True,0,0.0,
OCM_120149,30.28544,-97.715107,True,0,0.0,
OCM_120152,30.291085,-97.858717,True,0,0.0,
OCM_120155,30.292872587067038,-97.82763210051985,True,0,0.0,
OCM_120156,30.2967128,-97.7197883,True,0,0.0,
OCM_120157,30.3016155,-97.6986699,True,0,0.0,
OCM_120158,30.301775,-97.7081,True,0,0.0,
OCM_120159,30.302274,-97.697951,True,0,0.0,
OCM_120161,30.3041819,-97.8281612,True,0,0.0,
OCM_120165,30.31339,-97.946153,True,1,0.0,
OCM_120178,30.3298891,-97.6617122,True,0,0.0,
OCM_120180,30.3300458,-97.7392513,True,0,0.0,
OCM_120182,30.331058,-97.66847,True,0,0.0,
OCM_120183,30.3338571,-97.6913017,True,0,0.0,
OCM_120186,30.3440882,-97.6658226,True,0,0.0,
OCM_120188,30.3505908,-97.7545342,True,0,0.0,
OCM_120193,30.3712148,-97.8008871,True,6,0.0,
OCM_120196,30.3732957,-97.7399417,True,0,0.0,
OCM_120198,30.3744176,-97.7321552,True,0,0.0,
OCM_120199,30.381571,-97.713503,True,0,0.0,
OCM_120201,30.3857768,-97.8867695,True,2,0.0,
OCM_120203,30.3867831,-97.7687473,True,0,0.0,
OCM_120205,30.3896526,-97.7250356,True,0,0.0,
OCM_120206,30.3902461,-97.7482496,True,0,0.0,
OCM_120209,30.3950637,-97.709135,True,0,0.0,
OCM_120210,30.3962069,-97.7221024,True,0,0.0,
OCM_120211,30.3987005,-97.7240555,True,0,0.0,
OCM_120212,30.399682,-97.7205,True,0,0.0,
OCM_120213,30.399901,-97.683616,True,0,0.0,
OCM_120214,30.401339,-97.724155,True,0,0.0,
OCM_120215,30.404059,-97.850068,True,2,0.0,
OCM_120216,30.4041937,-97.7054647,True,0,0.0,
OCM_120218,30.404742,-97.722769,True,0,0.0,
OCM_120219,30.405175,-97.711583,True,0,0.0,
OCM_120220,30.4060147,-97.7206829,True,0,0.0,
OCM_120222,30.4095565,-97.7459474,True,0,0.0,
OCM_120223,30.4141186,-97.6670087,True,0,0.0,
OCM_120225,30.422284,-97.71646,True,0,0.0,
OCM_120227,30.4240459,-97.7104311,True,0,0.0,
OCM_120230,30.4365941,-97.7776165,True,0,0.0,
OCM_120234,30.442531,-97.62957,True,0,0.0,
OCM_120242,30.455107,-97.768221,True,0,0.0,
OCM_120244,30.469703,-97.598485,True,0,0.0,
OCM_120245,30.4700022,-97.7664347,True,0,0.0,
OCM_120246,30.471863,-97.796031,True,0,0.0,
OCM_120247,30.4768012,-97.7786433,True,0,0.0,
OCM_120248,30.4772328,-97.785194,True,0,0.0,
OCM_120250,30.484634,-97.807088,True,0,0.0,
OCM_120253,30.4963137,-97.6809454,True,0,0.0,
OCM_121665,30.204665,-97.669632,True,0,0.0,
OCM_121667,30.264685,-97.707837,True,0,0.0,
OCM_129568,30.143066,-97.79395,True,0,0.0,
OCM_129575,30.256076,-97.869726,True,0,0.0,
OCM_129585,30.450758,-97.749282,True,0,0.0,
OCM_131166,30.196669,-97.786373,True,0,0.0,
OCM_131171,30.276423,-97.749389,True,0,0.0,
OCM_131173,30.389507,-97.718895,True,0,0.0,
OCM_137551,30.3061884,-97.7434332,True,0,0.0,
OCM_137553,30.3152291,-97.7243951,True,0,0.0,
OCM_137555,30.3214817,-97.7395649,True,0,0.0,
OCM_137567,30.389267,-97.73974,True,0,0.0,
OCM_137573,30.413018,-97.675541,True,0,0.0,
OCM_138454,30.14773,-97.8016,True,0,0.0,
OCM_138457,30.1896375,-97.8564284,True,7,0.0,
OCM_138458,30.215936,-97.796703,True,0,0.0,
OCM_138459,30.218091,-97.855,True,0,0.0,
OCM_138463,30.232273,-97.743816,True,0,0.0,
OCM_138464,30.2358563,-97.7415772,True,0,0.0,
OCM_138466,30.244108,-97.844537,True,0,0.0,
OCM_138469,30.2460067,-97.8046215,True,0,0.0,
OCM_138470,30.2468341,-97.8460181,True,0,0.0,
OCM_138473,30.248932,-97.762283,True,0,0.0,
OCM_138475,30.250807,-97.8617171,True,0,0.0,
OCM_138476,30.2540745,-97.8707162,True,0,0.0,
OCM_138477,30.2558811,-97.7628877,True,0,0.0,
OCM_138478,30.25602,-97.7396238,True,0,0.0,
OCM_138479,30.2572051,-97.7599259,True,0,0.0,
OCM_138480,30.259167,-97.807778,True,0,0.0,
OCM_138481,30.261032,-97.727974,True,0,0.0,
OCM_138482,30.2651989,-97.7421936,True,0,0.0,
OCM_138483,30.265768,-97.7796813,True,0,0.0,
OCM_138484,30.2710042,-97.7537983,True,0,0.0,
OCM_138485,30.270944,-97.744761,True,0,0.0,
OCM_138486,30.280698,-97.824024,True,0,0.0,
OCM_138487,30.28771,-97.829448,True,0,0.0,
OCM_138490,30.304121,-97.702978,True,0,0.0,
OCM_138494,30.318426,-97.71069,True,0,0.0,
OCM_138499,30.329,-97.709399,True,0,0.0,
OCM_138500,30.34747,-97.80102,True,6,0.0,
OCM_138501,30.351485,-97.752008,True,0,0.0,
OCM_138502,30.361342,-97.708505,True,0,0.0,
OCM_138504,30.369535,-97.61957,True,0,0.0,
OCM_138508,30.395059,-97.653607,True,0,0.0,
OCM_138510,30.401695,-97.703797,True,0,0.0,
OCM_138511,30.409913,-97.657751,True,0,0.0,
OCM_138512,30.411955,-97.652813,True,0,0.0,
OCM_138514,30.4133204,-97.6545915,True,0,0.0,
OCM_138515,30.4165888,-97.666054,True,0,0.0,
OCM_138516,30.417411,-97.664204,True,0,0.0,
OCM_138519,30.432152,-97.754892,True,0,0.0,
OCM_138521,30.44599,-97.868845,True,3,0.0,
OCM_138522,30.4549274,-97.6021957,True,0,0.0,
OCM_138523,30.467935,-97.789368,True,0,0.0,
OCM_158328,30.143914,-97.789427,True,0,0.0,
OCM_158332,30.169432,-97.772125,True,0,0.0,
OCM_158333,30.170794,-97.77565,True,0,0.0,
OCM_158340,30.2644558,-97.7713825,True,0,0.0,
OCM_158341,30.267609,-97.746544,True,0,0.0,
OCM_158344,30.3553784,-97.8028744,True,6,0.0,
OCM_158349,30.479233,-97.8346,True,0,0.0,
OCM_158350,30.49578,-97.821963,True,0,0.0,
OCM_170226,30.402497,-97.724726,True,0,0.0,
OCM_218111,30.1275596,-97.8025951,True,0,0.0,
OCM_218122,30.162883,-97.792096,True,0,0.0,
OCM_218126,30.169054,-97.831975,True,0,0.0,
OCM_218127,30.17242,-97.630913,True,8,0.0,
OCM_218134,30.178323,-97.78566,True,0,0.0,
OCM_218137,30.178462,-97.785639,True,0,0.0,
OCM_218139,30.180294,-97.773031,True,0,0.0,
OCM_218141,30.18076,-97.721997,True,0,0.0,
OCM_218152,30.204497,-97.650816,True,0,0.0,
OCM_218153,30.204562,-97.716992,True,0,0.0,
OCM_218155,30.204655,-97.666451,True,0,0.0,
OCM_218156,30.204711,-97.666322,True,0,0.0,
OCM_218158,30.205553,-97.65078,True,0,0.0,
OCM_218161,30.210792,-97.753427,True,0,0.0,
OCM_218165,30.214901,-97.832674,True,0,0.0,
OCM_218167,30.216125,-97.829537,True,0,0.0,
OCM_218169,30.217288,-97.687118,True,0,0.0,
OCM_218170,30.218437,-97.75365,True,0,0.0,
OCM_218171,30.2215703,-97.725749,True,0,0.0,
OCM_218174,30.2261966,-97.821941,True,0,0.0,
OCM_218175,30.233412,-97.79311,True,0,0.0,
OCM_218181,30.2414843,-97.7115806,True,0,0.0,
OCM_218182,30.241886,-97.720477,True,0,0.0,
OCM_218183,30.2439867499556,-97.7283889473696,True,0,0.0,
OCM_218184,30.244099,-97.725285,True,0,0.0,
OCM_218186,30.244145,-97.725371,True,0,0.0,
OCM_218189,30.2472116,-97.750005,True,0,0.0,
OCM_218190,30.247525,-97.858798,True,0,0.0,
OCM_218191,30.248701,-97.88998,True,0,0.0,
OCM_218192,30.25239,-97.69435,True,0,0.0,
OCM_218193,30.25271,-97.707504,True,0,0.0,
OCM_218194,30.253021,-97.693318,True,0,0.0,
OCM_218195,30.254606,-97.717983,True,0,0.0,
OCM_218197,30.254805,-97.718005,True,0,0.0,
OCM_218198,30.254827,-97.605118,True,9,0.0,
OCM_218201,30.26208,-97.73814,True,0,0.0,
OCM_218202,30.2635448,-97.7283672,True,0,0.0,
OCM_218204,30.26651,-97.74467,True,0,0.0,
OCM_218206,30.268274,-97.785044,True,0,0.0,
OCM_218207,30.268935,-97.744647,True,0,0.0,
OCM_218208,30.268994,-97.751493,True,0,0.0,
OCM_218213,30.274796,-97.769882,True,0,0.0,
OCM_218214,30.276513,-97.729639,True,0,0.0,
OCM_218215,30.277097,-97.634893,True,10,0.0,
OCM_218219,30.2822736764252,-97.7430151249186,True,0,0.0,
OCM_218220,30.283043,-97.707983,True,0,0.0,
OCM_218221,30.28308,-97.7258,True,0,0.0,
OCM_218229,30.289814,-97.827463,True,0,0.0,
OCM_218231,30.291332,-97.826267,True,0,0.0,
OCM_218232,30.29923,-97.721107,True,0,0.0,
OCM_218234,30.299838,-97.720009,True,0,0.0,
OCM_218237,30.303737,-97.941771,True,1,0.0,
OCM_218238,30.305167,-97.765949,True,0,0.0,
OCM_218239,30.308484,-97.740767,True,0,0.0,
OCM_218240,30.309283,-97.94238,True,1,0.0,
OCM_218241,30.313382,-97.734117,True,0,0.0,
OCM_218248,30.325389,-97.71163,True,0,0.0,
OCM_218249,30.325211,-97.708898,True,0,0.0,
OCM_218252,30.325393,-97.712176,True,0,0.0,
OCM_218254,30.325472,-97.711875,True,0,0.0,
OCM_218256,30.325758,-97.709208,True,0,0.0,
OCM_218258,30.3270635018948,-97.6267227094777,True,11,0.0,
OCM_218262,30.344479,-97.737388,True,0,0.0,
OCM_218264,30.345185,-97.801763,True,6,0.0,
OCM_218265,30.345234,-97.7093,True,0,0.0,
OCM_218267,30.355819,-97.68882,True,0,0.0,
OCM_218274,30.377307,-97.639693,True,0,0.0,
OCM_218276,30.3807655,-97.6518017,True,0,0.0,
OCM_218277,30.380918,-97.877397,True,2,0.0,
OCM_218278,30.382631,-97.878773,True,2,0.0,
OCM_218280,30.382266,-97.64835,True,0,0.0,
OCM_218281,30.384216,-97.648232,True,0,0.0,
OCM_218282,30.386721,-97.684214,True,0,0.0,
OCM_218286,30.386502,-97.71917,True,0,0.0,
OCM_218287,30.387332,-97.883922,True,2,0.0,
OCM_218290,30.393993,-97.716901,True,0,0.0,
OCM_218291,30.395855,-97.851517,True,2,0.0,
OCM_218294,30.401086,-97.707509,True,0,0.0,
OCM_218295,30.401434,-97.735844,True,0,0.0,
OCM_218296,30.401812,-97.684096,True,0,0.0,
OCM_218306,30.411955,-97.656856,True,0,0.0,
OCM_218311,30.4220575,-97.5899489,True,12,0.0,
OCM_218316,30.430192,-97.641249,True,0,0.0,
OCM_218320,30.4325349313278,-97.670899091013,True,0,0.0,
OCM_218326,30.438427,-97.733089,True,0,0.0,
OCM_218328,30.4399434466724,-97.7778282228559,True,0,0.0,
OCM_218330,30.443287,-97.666997,True,0,0.0,
OCM_218333,30.44771,-97.66419,True,0,0.0,
OCM_218339,30.458594,-97.7526,True,0,0.0,
OCM_218342,30.47686,-97.78153,True,0,0.0,
OCM_218343,30.471745,-97.594474,True,0,0.0,
OCM_218346,30.473632,-97.809632,True,0,0.0,
OCM_218348,30.47664,-97.76705,True,0,0.0,
OCM_218350,30.4835479004735,-97.6543174389398,True,0,0.0,
OCM_218353,30.502925,-97.580873,True,13,0.0,
OCM_218359,30.522280563004,-97.6323571282069,True,14,0.0,
OCM_239534,30.185298,-97.801157,True,0,0.0,
OCM_239535,30.188007,-97.663024,True,0,0.0,
OCM_239537,30.205514,-97.66241,True,0,0.0,
OCM_239538,30.20963,-97.660839,True,0,0.0,
OCM_239539,30.210804,-97.667511,True,0,0.0,
OCM_239540,30.21145,-97.662103,True,0,0.0,
OCM_239544,30.2215037,-97.8411819,True,0,0.0,
OCM_239545,30.23125,-97.887922,True,0,0.0,
OCM_239548,30.238042,-97.755903,True,0,0.0,
OCM_239550,30.238322,-97.754042,True,0,0.0,
OCM_239551,30.243203,-97.721277,True,0,0.0,
OCM_239552,30.245102,-97.85699,True,0,0.0,
OCM_239553,30.248227,-97.860915,True,0,0.0,
OCM_239554,30.250937,-97.863477,True,0,0.0,
OCM_239555,30.251357,-97.689015,True,0,0.0,
OCM_239557,30.256454,-97.738827,True,0,0.0,
OCM_239558,30.256605,-97.760382,True,0,0.0,
OCM_239560,30.2573001,-97.7393148,True,0,0.0,
OCM_239561,30.258523,-97.739467,True,0,0.0,
OCM_239562,30.258581,-97.738748,True,0,0.0,
OCM_239564,30.2590044185105,-97.74947235007859,True,0,0.0,
OCM_239566,30.259705,-97.752496,True,0,0.0,
OCM_239567,30.260466,-97.746417,True,0,0.0,
OCM_239570,30.262814,-97.741677,True,0,0.0,
OCM_239571,30.26287,-97.74332,True,0,0.0,
OCM_239572,30.263501,-97.742377,True,0,0.0,
OCM_239573,30.264185,-97.733688,True,0,0.0,
OCM_239574,30.264505,-97.743302,True,0,0.0,
OCM_239575,30.264942,-97.746925,True,0,0.0,
OCM_239576,30.264999,-97.733411,True,0,0.0,
OCM_239577,30.265132,-97.742883,True,0,0.0,
OCM_239580,30.266457,-97.774745,True,0,0.0,
OCM_239583,30.26652,-97.750175,True,0,0.0,
OCM_239584,30.266573,-97.74553,True,0,0.0,
OCM_239586,30.266867,-97.754082,True,0,0.0,
OCM_239587,30.266973,-97.741718,True,0,0.0,
OCM_239592,30.267318,-97.744906,True,0,0.0,
OCM_239593,30.267321,-97.754548,True,0,0.0,
OCM_239596,30.267694,-97.742662,True,0,0.0,
OCM_239597,30.267965,-97.75092,True,0,0.0,
OCM_239598,30.268116,-97.706104,True,0,0.0,
OCM_239599,30.268247,-97.746169,True,0,0.0,
OCM_239600,30.268266,-97.755017,True,0,0.0,
OCM_239601,30.268325,-97.746009,True,0,0.0,
OCM_239602,30.26902,-97.747146,True,0,0.0,
OCM_239603,30.269491,-97.742266,True,0,0.0,
OCM_239604,30.270384,-97.73108,True,0,0.0,
OCM_239605,30.270815,-97.750664,True,0,0.0,
OCM_239606,30.271041,-97.721917,True,0,0.0,
OCM_239608,30.2744,-97.76379,True,0,0.0,
OCM_239610,30.2758029,-97.7652697,True,0,0.0,
OCM_239611,30.276909,-97.666756,True,0,0.0,
OCM_239614,30.277878,-97.634871,True,10,0.0,
OCM_239617,30.2925257684775,-97.5539999422638,True,5,0.0,
OCM_239618,30.298396,-97.767903,True,0,0.0,
OCM_239619,30.29929,-97.663216,True,0,0.0,
OCM_239620,30.29994,-97.66307,True,0,0.0,
OCM_239621,30.300934,-97.699428,True,0,0.0,
OCM_239622,30.302226,-97.706256,True,0,0.0,
OCM_239623,30.302516,-97.69892,True,0,0.0,
OCM_239624,30.303008,-97.705534,True,0,0.0,
OCM_239626,30.307388,-97.938035,True,1,0.0,
OCM_239627,30.307769,-97.93863,True,1,0.0,
OCM_239629,30.322654,-97.712743,True,0,0.0,
OCM_239636,30.333969,-97.751358,True,0,0.0,
OCM_239637,30.337065,-97.680709,True,0,0.0,
OCM_239641,30.374542,-97.731445,True,0,0.0,
OCM_239648,30.392202,-97.750038,True,0,0.0,
OCM_239649,30.394594,-97.721941,True,0,0.0,
OCM_239652,30.3961881,-97.7257578,True,0,0.0,
OCM_239653,30.398309,-97.719381,True,0,0.0,
OCM_239654,30.400955,-97.720104,True,0,0.0,
OCM_239655,30.401112,-97.720061,True,0,0.0,
OCM_239656,30.402022,-97.723273,True,0,0.0,
OCM_239657,30.404277,-97.722415,True,0,0.0,
OCM_239659,30.404949,-97.718551,True,0,0.0,
OCM_239660,30.40522,-97.719541,True,0,0.0,
OCM_239661,30.405552,-97.720061,True,0,0.0,
OCM_239662,30.407286,-97.727058,True,0,0.0,
OCM_239663,30.411322,-97.652349,True,0,0.0,
OCM_239671,30.427967,-97.754411,True,0,0.0,
OCM_239672,30.429363,-97.755248,True,0,0.0,
OCM_239681,30.470173,-97.597877,True,0,0.0,
OCM_239683,30.477716,-97.779045,True,0,0.0,
OCM_239686,30.4837127824507,-97.6536431729039,True,0,0.0,
OCM_262030,30.1973082,-97.7692414,True,0,0.0,
OCM_262032,30.2219469,-97.6896583,True,0,0.0,
OCM_262034,30.26988888851664,-97.75281860704196,True,0,0.0,
OCM_262052,30.454468,-97.667152,True,0,0.0,
OCM_262056,30.519261,-97.649777,True,14,0.0,
OCM_268692,30.265425,-97.750329,True,0,0.0,
OCM_268699,30.333922,-97.811243,True,6,0.0,
OCM_268700,30.334024,-97.811265,True,6,0.0,
OCM_268704,30.3952224,-97.7185238,True,0,0.0,
OCM_268709,30.466493205557043,-97.59719429672953,True,0,0.0,
OCM_271126,30.395762,-97.722896,True,0,0.0,
OCM_271127,30.44562491157416,-97.7073334548106,True,0,0.0,
OCM_271128,30.460477,-97.750024,True,0,0.0,
OCM_275267,30.201711,-97.703517,True,0,0.0,
OCM_275268,30.204279,-97.668552,True,0,0.0,
OCM_275270,30.216366,-97.767436,True,0,0.0,
OCM_275272,30.216009,-97.767157,True,0,0.0,
OCM_275274,30.2232995,-97.707007,True,0,0.0,
OCM_275276,30.24178751823029,-97.72902474759495,True,0,0.0,
OCM_275277,30.2473253,-97.8641752,True,0,0.0,
OCM_275278,30.250925,-97.763854,True,0,0.0,
OCM_275282,30.257474,-97.734095,True,0,0.0,
OCM_275283,30.261227,-97.72703,True,0,0.0,
OCM_275284,30.2636937,-97.7437856,True,0,0.0,
OCM_275285,30.2658296,-97.744641,True,0,0.0,
OCM_275289,30.286438,-97.71047699999997,True,0,0.0,
OCM_275290,30.286947,-97.745766,True,0,0.0,
OCM_275291,30.2898281,-97.7509178,True,0,0.0,
OCM_275302,30.338235,-97.695149,True,0,0.0,
OCM_275303,30.345682,-97.802525,True,6,0.0,
OCM_275307,30.3861107,-97.736493,True,0,0.0,
OCM_275311,30.358916,-97.6708935,True,0,0.0,
OCM_275314,30.408382,-97.726244,True,0,0.0,
OCM_275316,30.411329,-97.72209,True,0,0.0,
OCM_275317,30.411388,-97.727054,True,0,0.0,
OCM_275319,30.4326384308349,-97.6529755760007,True,0,0.0,
OCM_275320,30.4354516,-97.7411186,True,0,0.0,
OCM_275321,30.45659,-97.6679,True,0,0.0,
OCM_275322,30.456927,-97.668248,True,0,0.0,
OCM_275325,30.466059,-97.809405,True,0,0.0,
OCM_275326,30.46945,-97.58957,True,0,0.0,
OCM_275328,30.4828568,-97.64857,True,0,0.0,
OCM_275329,30.484986,-97.802225,True,0,0.0,
OCM_275330,30.4853165711195,-97.68779307663921,True,0,0.0,
OCM_275331,30.4861039868537,-97.68491162081706,True,0,0.0,
OCM_281500,30.243704,-97.846168,True,0,0.0,
OCM_281502,30.25856979068672,-97.73805901408198,True,0,0.0,
OCM_281504,30.260168,-97.79116,True,0,0.0,
OCM_281505,30.261008,-97.789642,True,0,0.0,
OCM_281506,30.262205,-97.788401,True,0,0.0,
OCM_281509,30.29,-97.75,True,0,0.0,
OCM_281512,30.3401401,-97.692619,True,0,0.0,
OCM_281514,30.383012,-97.874328,True,2,0.0,
OCM_281516,30.263779,-97.78585,True,0,0.0,
OCM_281517,30.393963,-97.851873,True,2,0.0,
OCM_281518,30.4102376759659,-97.6771030244514,True,0,0.0,
OCM_281520,30.4464693108529,-97.6689593389616,True,0,0.0,
OCM_281522,30.4674539292429,-97.6000595965774,True,0,0.0,
OCM_293413,30.2112,-97.722936,True,0,0.0,
OCM_293414,30.247944,-97.852813,True,0,0.0,
OCM_293415,30.256433,-97.73791,True,0,0.0,
OCM_293422,30.260703,-97.7241,True,0,0.0,
OCM_293423,30.268782,-97.740868,True,0,0.0,
OCM_293424,30.277278,-97.747125,True,0,0.0,
OCM_293426,30.27911,-97.736501,True,0,0.0,
OCM_293429,30.300586,-97.693415,True,0,0.0,
OCM_293430,30.300627,-97.707116,True,0,0.0,
OCM_293431,30.304843,-97.70237,True,0,0.0,
OCM_293433,30.327689,-97.714077,True,0,0.0,
OCM_293435,30.36968497938542,-97.62071739058524,True,0,0.0,
OCM_293437,30.39337,-97.74561,True,0,0.0,
OCM_293438,30.400944,-97.733913,True,0,0.0,
OCM_293444,30.47798,-97.77821,True,0,0.0,
OCM_297772,30.2260416768242,-97.82170439574243,True,0,0.0,
OCM_297773,30.196315975908334,-97.77704643322522,True,0,0.0,
OCM_297774,30.40505138234525,-97.67338385826547,True,0,0.0,
OCM_318725,30.152361,-97.75638,True,0,0.0,
OCM_318753,30.168637,-97.795785,True,0,0.0,
OCM_318759,30.171537,-97.823545,True,0,0.0,
OCM_318762,30.172599,-97.777067,True,0,0.0,
OCM_318807,30.188884,-97.73848,True,0,0.0,
OCM_318810,30.189638,-97.856428,True,7,0.0,
OCM_318822,30.1963175,-97.7770395,True,0,0.0,
OCM_318823,30.196669,-97.786373,True,0,0.0,
OCM_318832,30.1992718,-97.7773059,True,0,0.0,
OCM_318834,30.200106,-97.767194,True,0,0.0,
OCM_318842,30.204572,-97.669392,True,0,0.0,
OCM_318843,30.204646,-97.716911,True,0,0.0,
OCM_318847,30.20473,-97.669397,True,0,0.0,
OCM_318861,30.210138,-97.752801,True,0,0.0,
OCM_318862,30.210387,-97.664586,True,0,0.0,
OCM_318870,30.211214,-97.667425,True,0,0.0,
OCM_318873,30.211718,-97.662318,True,0,0.0,
OCM_318877,30.212977,-97.76096,True,0,0.0,
OCM_318880,30.213364,-97.761762,True,0,0.0,
OCM_318887,30.214916,-97.742151,True,0,0.0,
OCM_318892,30.215938,-97.79632,True,0,0.0,
OCM_318894,30.216052,-97.796252,True,0,0.0,
OCM_318897,30.216639,-97.720183,True,0,0.0,
OCM_318903,30.218294,-97.661946,True,0,0.0,
OCM_318905,30.218386,-97.661967,True,0,0.0,
OCM_318907,30.218512,-97.661999,True,0,0.0,
OCM_318910,30.2215037,-97.8411819,True,0,0.0,
OCM_318919,30.2260252,-97.8217026,True,0,0.0,
OCM_318923,30.227187,-97.705911,True,0,0.0,
OCM_318924,30.2272,-97.75565,True,0,0.0,
OCM_318925,30.227377,-97.888485,True,0,0.0,
OCM_318926,30.227456,-97.726096,True,0,0.0,
OCM_318931,30.231128,-97.889867,True,0,0.0,
OCM_318935,30.231758,-97.729473,True,0,0.0,
OCM_318937,30.232256,-97.798438,True,0,0.0,
OCM_318942,30.235116,-97.917332,True,0,0.0,
OCM_318943,30.235372,-97.741448,True,0,0.0,
OCM_318945,30.236473,-97.782607,True,0,0.0,
OCM_318956,30.240527,-97.730373,True,0,0.0,
OCM_318957,30.241021,-97.720766,True,0,0.0,
OCM_318961,30.241623,-97.840922,True,0,0.0,
OCM_318964,30.241898,-97.841274,True,0,0.0,
OCM_318965,30.241913,-97.720142,True,0,0.0,
OCM_318967,30.242182,-97.721027,True,0,0.0,
OCM_318979,30.246007,-97.804622,True,0,0.0,
OCM_318982,30.246834,-97.846018,True,0,0.0,
OCM_318994,30.2488,-97.734625,True,0,0.0,
OCM_318999,30.250494,-97.859294,True,0,0.0,
OCM_319012,30.254524,-97.69309,True,0,0.0,
OCM_319017,30.2558811,-97.7628877,True,0,0.0,
OCM_319020,30.256224,-97.73954,True,0,0.0,
OCM_319023,30.256761,-97.738302,True,0,0.0,
OCM_319024,30.256815,-97.748988,True,0,0.0,
OCM_319028,30.2573,-97.739315,True,0,0.0,
OCM_319029,30.257408,-97.760062,True,0,0.0,
OCM_319033,30.25856069729713,-97.73788869380951,True,0,0.0,
OCM_319040,30.25904519386215,-97.74902388453484,True,0,0.0,
OCM_319043,30.259201,-97.751695,True,0,0.0,
OCM_319052,30.260205,-97.737929,True,0,0.0,
OCM_319064,30.261633,-97.723906,True,0,0.0,
OCM_319070,30.263259,-97.729353,True,0,0.0,
OCM_319075,30.263529,-97.742431,True,0,0.0,
OCM_319080,30.26396,-97.744801,True,0,0.0,
OCM_319081,30.2639761724265,-97.7333565250117,True,0,0.0,
OCM_319086,30.26505,-97.74187,True,0,0.0,
OCM_319092,30.266102,-97.751688,True,0,0.0,
OCM_319093,30.26628,-97.74826,True,0,0.0,
OCM_319102,30.266691,-97.745766,True,0,0.0,
OCM_319103,30.266878,-97.754108,True,0,0.0,
OCM_319116,30.267372,-97.693436,True,0,0.0,
OCM_319117,30.267581,-97.744568,True,0,0.0,
OCM_319121,30.268093,-97.706182,True,0,0.0,
OCM_319126,30.268638,-97.744304,True,0,0.0,
OCM_319128,30.268843,-97.748206,True,0,0.0,
OCM_319129,30.268846,-97.740768,True,0,0.0,
OCM_319130,30.268858,-97.744588,True,0,0.0,
OCM_319134,30.269023,-97.751429,True,0,0.0,
OCM_319136,30.269525,-97.786972,True,0,0.0,
OCM_319143,30.270914,-97.744676,True,0,0.0,
OCM_319144,30.271004,-97.753798,True,0,0.0,
OCM_319146,30.271048,-97.743495,True,0,0.0,
OCM_319150,30.271779,-97.759735,True,0,0.0,
OCM_319152,30.273037,-97.759986,True,0,0.0,
OCM_319153,30.274209,-97.764758,True,0,0.0,
OCM_319155,30.274388,-97.764731,True,0,0.0,
OCM_319161,30.275195,-97.734584,True,0,0.0,
OCM_319166,30.276072,-97.8178,True,0,0.0,
OCM_319168,30.276537,-97.749263,True,0,0.0,
OCM_319169,30.276571,-97.729718,True,0,0.0,
OCM_319179,30.282611,-97.709238,True,0,0.0,
OCM_319180,30.282672,-97.731185,True,0,0.0,
OCM_319191,30.28544,-97.715107,True,0,0.0,
OCM_319199,30.288486,-97.741708,True,0,0.0,
OCM_319214,30.292495,-97.827741,True,0,0.0,
OCM_319216,30.292555,-97.82774,True,0,0.0,
OCM_319218,30.293072,-97.555372,True,5,0.0,
OCM_319224,30.296471,-97.71952,True,0,0.0,
OCM_319230,30.29942,-97.70344,True,0,0.0,
OCM_319236,30.30187,-97.70291,True,0,0.0,
OCM_319237,30.302165,-97.706282,True,0,0.0,
OCM_319238,30.302216,-97.697827,True,0,0.0,
OCM_319240,30.302259,-97.697916,True,0,0.0,
OCM_319245,30.303141,-97.705403,True,0,0.0,
OCM_319248,30.304182,-97.828161,True,0,0.0,
OCM_319252,30.30556,-97.82542,True,0,0.0,
OCM_319260,30.31265382411267,-97.73016768260557,True,0,0.0,
OCM_319261,30.313121,-97.946493,True,1,0.0,
OCM_319265,30.31478,-97.87147,True,0,0.0,
OCM_319267,30.315229,-97.724395,True,0,0.0,
OCM_319271,30.31659,-97.75761,True,0,0.0,
OCM_319273,30.317907,-97.755752,True,0,0.0,
OCM_319275,30.317999,-97.755737,True,0,0.0,
OCM_319283,30.32079,-97.70602,True,0,0.0,
OCM_319285,30.321482,-97.739565,True,0,0.0,
OCM_319290,30.321983,-97.729018,True,0,0.0,
OCM_319293,30.322633,-97.712751,True,0,0.0,
OCM_319301,30.325365,-97.708779,True,0,0.0,
OCM_319302,30.325373,-97.71217,True,0,0.0,
OCM_319305,30.325409,-97.711627,True,0,0.0,
OCM_319309,30.325481,-97.711914,True,0,0.0,
OCM_319311,30.325501,-97.711989,True,0,0.0,
OCM_319321,30.329001,-97.70927,True,0,0.0,
OCM_319327,30.329275,-97.706259,True,0,0.0,
OCM_319331,30.329889,-97.661712,True,0,0.0,
OCM_319333,30.330046,-97.739251,True,0,0.0,
OCM_319334,30.33089,-97.668908,True,0,0.0,
OCM_319345,30.336417,-97.807299,True,6,0.0,
OCM_319346,30.337065,-97.680709,True,0,0.0,
OCM_319347,30.338446,-97.807693,True,6,0.0,
OCM_319350,30.341918,-97.557796,True,15,0.0,
OCM_319353,30.343555,-97.737579,True,0,0.0,
OCM_319364,30.34762526696876,-97.56102483266011,True,15,0.0,
OCM_319367,30.3501546,-97.5644278,True,15,0.0,
OCM_319370,30.352052,-97.708054,True,0,0.0,
OCM_319373,30.354316,-97.751746,True,0,0.0,
OCM_319421,30.385777,-97.886769,True,2,0.0,
OCM_319422,30.386292,-97.719487,True,0,0.0,
OCM_319437,30.388545,-97.720898,True,0,0.0,
OCM_319445,30.389602,-97.725084,True,0,0.0,
OCM_319447,30.389653,-97.725036,True,0,0.0,
OCM_319455,30.390547,-97.74802,True,0,0.0,
OCM_319461,30.39337,-97.74561,True,0,0.0,
OCM_319465,30.394301,-97.827962,True,2,0.0,
OCM_319469,30.394787,-97.653242,True,0,0.0,
OCM_319472,30.395228,-97.628907,True,0,0.0,
OCM_319478,30.3967567023291,-97.74748302037412,True,0,0.0,
OCM_319484,30.3987,-97.724056,True,0,0.0,
OCM_319491,30.401797,-97.587058,True,12,0.0,
OCM_319495,30.402497,-97.724726,True,0,0.0,
OCM_319496,30.403457,-97.720062,True,0,0.0,
OCM_319497,30.403851,-97.719127,True,0,0.0,
OCM_319499,30.404094,-97.705372,True,0,0.0,
OCM_319500,30.404251,-97.719409,True,0,0.0,
OCM_319502,30.404284,-97.719332,True,0,0.0,
OCM_319503,30.4042847,-97.67727889999999,True,0,0.0,
OCM_319504,30.404285,-97.719316,True,0,0.0,
OCM_319505,30.404286,-97.722383,True,0,0.0,
OCM_319506,30.404303,-97.719388,True,0,0.0,
OCM_319507,30.404333,-97.722383,True,0,0.0,
OCM_319510,30.4051,-97.67333,True,0,0.0,
OCM_319515,30.405365,-97.84813,True,2,0.0,
OCM_319518,30.405992,-97.720755,True,0,0.0,
OCM_319532,30.408686,-97.725307,True,0,0.0,
OCM_319534,30.409556,-97.745947,True,0,0.0,
OCM_319542,30.411571,-97.851765,True,2,0.0,
OCM_319551,30.414119,-97.667009,True,0,0.0,
OCM_319553,30.416583,-97.666048,True,0,0.0,
OCM_319554,30.41696,-97.67349,True,0,0.0,
OCM_319558,30.417552,-97.748979,True,0,0.0,
OCM_319576,30.42871,-97.744552,True,0,0.0,
OCM_319577,30.429287,-97.747858,True,0,0.0,
OCM_319580,30.429442,-97.755212,True,0,0.0,
OCM_319595,30.43423,-97.67786,True,0,0.0,
OCM_319638,30.45155475284386,-97.79008588462042,True,0,0.0,
OCM_319653,30.45618,-97.66812,True,0,0.0,
OCM_319664,30.46639,-97.59718,True,0,0.0,
OCM_319665,30.46839,-97.765762,True,0,0.0,
OCM_319667,30.470002,-97.766435,True,0,0.0,
OCM_319680,30.4758,-97.79126,True,0,0.0,
OCM_319683,30.477094,-97.785112,True,0,0.0,
OCM_319685,30.477825,-97.680383,True,0,0.0,
OCM_319692,30.480673,-97.612727,True,0,0.0,
OCM_319695,30.48124658039935,-97.80166457802903,True,0,0.0,
OCM_319698,30.48196,-97.74615,True,0,0.0,
OCM_319733,30.5101558,-97.7131789,True,16,0.0,
OCM_458134,30.268887,-97.738936,True,0,0.0,
OCM_458135,30.30235,-97.705059,True,0,0.0,
OCM_458136,30.302368,-97.705102,True,0,0.0,
OCM_458141,30.390546,-97.733035,True,0,0.0,
OCM_458146,30.488787,-97.678421,True,0,0.0,
OCM_464894,30.229606,-97.669543,True,0,0.0,
OCM_464895,30.241578,-97.721452,True,0,0.0,
OCM_464896,30.24223647384246,-97.72993160371372,True,0,0.0,
OCM_464898,30.25323049257088,-97.76287370427637,True,0,0.0,
OCM_464899,30.254054,-97.761958,True,0,0.0,
OCM_464900,30.266864,-97.747689,True,0,0.0,
OCM_464901,30.266895,-97.747928,True,0,0.0,
OCM_464902,30.267409,-97.673048,True,0,0.0,
OCM_464904,30.2743023,-97.7344636,True,0,0.0,
OCM_464907,30.304545,-97.747409,True,0,0.0,
OCM_464912,30.3317551,-97.71545909999999,True,0,0.0,
OCM_464913,30.338339,-97.598896,True,11,0.0,
OCM_464914,30.3483,-97.559985,True,15,0.0,
OCM_464919,30.38416,-97.652007,True,0,0.0,
OCM_464920,30.384541,-97.651735,True,0,0.0,
OCM_464922,30.38465,-97.651187,True,0,0.0,
OCM_464923,30.384675,-97.653666,True,0,0.0,
OCM_464924,30.385499,-97.653147,True,0,0.0,
OCM_464929,30.4004594,-97.675086,True,0,0.0,
OCM_464930,30.403719,-97.673296,True,0,0.0,
OCM_464931,30.408505,-97.727699,True,0,0.0,
OCM_464932,30.4127,-97.746848,True,0,0.0,
OCM_464940,30.47135,-97.80378,True,0,0.0,
OCM_464943,30.4818265,-97.6241836,True,0,0.0,
PK_651,30.2694321,-97.7444382,False,0,0.05879979164825753,0.47726969729340296
PK_384,30.2707939,-97.7502441,False,0,0.040392781272359464,0.5670201430806232
PK_12,30.2670021,-97.7480545,False,0,0.017012226677320483,0.39734617611422196
PK_400,30.2643223,-97.7459106,False,0,0.11387129539192298,0.4200696704356962
PK_26,30.2722073,-97.7422867,False,0,0.17344119060532792,0.5421961600738942
PK_427,30.2680492,-97.7387695,False,0,0.09452142584334987,0.2363631851464609
PK_1611,30.2658691,-97.7375488,False,0,0.28397573909957297,0.29517131244717604
PK_359,30.2688885,-97.7379837,False,0,0.09145490557296446,0.2454037011352313
PK_1281,30.2739544,-97.7377625,False,0,0.28007421327595144,0.4779594224407524
PK_388,30.2633591,-97.7432175,False,0,0.05526920358435422,0.29016859516435056
PK_1602,30.2690849,-97.7372818,False,0,0.16037887157565073,0.26516166897883003
PK_52,30.268158,-97.7402802,False,0,0.08944813291167203,0.3874715853832313
PK_82,30.2695103,-97.7400208,False,0,0.10298281354031719,0.45343519876248417
PK_397,30.2735691,-97.742775,False,0,0.28873461588317195,0.6152845564453312
PK_54,30.2680206,-97.7394485,False,0,0.10818372112863597,0.4095659218885896
PK_28,30.2736588,-97.7437592,False,0,0.29141429867415314,0.6513330738208731
PK_41,30.2653408,-97.7447052,False,0,0.054700680325521424,0.38187211644136654
PK_385,30.2709198,-97.7422943,False,0,0.11618537350699988,0.5540510062910486
PK_428,30.2678967,-97.7382278,False,0,0.12942699698420765,0.2669545222105395
PK_342,30.2691097,-97.7375336,False,0,0.13693787380659678,0.26337790606744527
PK_365,30.2693539,-97.7451324,False,0,0.0658989199829226,0.4334597798279707
PK_352,30.2678623,-97.7381058,False,0,0.13906617153262352,0.2707637832469046
PK_371,30.2722206,-97.7468948,False,0,0.24927991026126683,0.5982659817914209
PK_90,30.2687893,-97.7422104,False,0,0.03977104494448422,0.425580004690323
PK_964,30.272974,-97.7437744,False,0,0.2158356953261508,0.6113856424426292
PK_344,30.2661114,-97.7427216,False,0,0.11000190801001306,0.33229184698730574
PK_348,30.2661438,-97.7350388,False,0,0.20160354825105556,0.2876796867608873
PK_1605,30.2685795,-97.7368698,False,0,0.20135357657971614,0.28509416267765947
PK_345,30.2696571,-97.748848,False,0,0.10196359248284861,0.5480968370073169
PK_647,30.2710266,-97.7504196,False,0,0.03323367247411717,0.5833050165081324
PK_336,30.2662849,-97.7340622,False,0,0.15606467123670564,0.30378886108039427
PK_38,30.2659492,-97.7449341,False,0,0.031132334012710663,0.369703121167242
PK_57,30.2610703,-97.7379913,False,0,0.09640284166099289,0.2676236931580938
PK_405,30.2692986,-97.7496185,False,0,0.1364694480142971,0.5607163384922568
PK_331,30.268795,-97.7383957,False,0,0.052886910285364706,0.23857694182145667
PK_7,30.2742882,-97.7460403,False,0,0.3483866158879653,0.7604427934377631
PK_355,30.2691135,-97.7395325,False,0,0.06257724336510659,0.4066259571055162
PK_410,30.2630081,-97.7421951,False,0,0.05423828220309533,0.31100449489977217
PK_68,30.2669029,-97.7354431,False,0,0.28793397737528525,0.3044525541864353
PK_326,30.2702389,-97.7399292,False,0,0.1745790535772773,0.49165417076258716
PK_963,30.2726765,-97.7438889,False,0,0.18498975807743573,0.5984638073825572
PK_378,30.2677994,-97.7445068,False,0,0.024986082653828647,0.40920671562299754
PK_395,30.2644234,-97.7378159,False,0,0.2624267433035487,0.3006800460839083
PK_435,30.265501,-97.7442398,False,0,0.05310078458271307,0.35288057299635
PK_40,30.2656403,-97.7446365,False,0,0.02105363576774696,0.35634477743801946
PK_335,30.2664394,-97.734726,False,0,0.2039663924831696,0.2886134483006523
PK_363,30.2697163,-97.745575,False,0,0.12445899031840728,0.4893116041864247
PK_965,30.2727089,-97.7443695,False,0,0.1998168419632757,0.5726972879911028
PK_396,30.2736969,-97.7432327,False,0,0.2956193646074139,0.6351072608305918
PK_45,30.2638435,-97.7454376,False,0,0.062470677409093796,0.37846526846504214
PK_360,30.2705021,-97.7393951,False,0,0.18492375215316945,0.5086436417018841
PK_350,30.2676868,-97.7381439,False,0,0.1536139182277054,0.2783827846078035
PK_408,30.2667408,-97.741333,False,0,0.04509720227036106,0.3287135554593968
PK_421,30.268219,-97.7363586,False,0,0.25842785649302125,0.3133878106656089
PK_346,30.2671146,-97.7344742,False,0,0.256448411111307,0.344048659326954
PK_341,30.2692966,-97.7374649,False,0,0.148437838733787,0.2651176078653249
PK_376,30.2643604,-97.7446976,False,0,0.045570620276931935,0.326432207740297
PK_431,30.2656116,-97.7423935,False,0,0.04974411241711926,0.29830347590501416
PK_351,30.2684746,-97.7387314,False,0,0.0498891338761775,0.23552232007213603
PK_422,30.2680988,-97.7364731,False,0,0.25224302210211963,0.31281359870544634
PK_328,30.2690639,-97.741066,False,0,0.036662440324612376,0.3906512975958414
PK_358,30.2688541,-97.7414627,False,0,0.054289731531826355,0.39918230206292715
PK_423,30.2667599,-97.7372208,False,0,0.2882297424076637,0.31212501532824777
PK_403,30.2707672,-97.7489548,False,0,0.023103387180242678,0.5354797408092521
PK_972,30.2680264,-97.7495346,False,0,0.027110518399990183,0.4842932042166632
PK_343,30.2704697,-97.7398758,False,0,0.19778159437742732,0.5186027337208499
PK_74,30.2649364,-97.7357941,False,0,0.21884676820883223,0.3065555984317387
PK_369,30.268322,-97.7433777,False,0,0.09564628239613512,0.4780045749346119
PK_353,30.268713,-97.7380753,False,0,0.0848921697816416,0.24655009234355799
PK_93,30.2653675,-97.7425232,False,0,0.03678961363521678,0.29235529080127304
PK_11,30.2669678,-97.7484283,False,0,0.048724739918668776,0.41214736071480934
PK_53,30.2681084,-97.739769,False,0,0.11787769369117336,0.4188351541460811
PK_370,30.2689171,-97.7438278,False,0,0.05526823036611591,0.5006196751005348
PK_37,30.2667732,-97.744072,False,0,0.06445778577741498,0.39140655716890327
PK_413,30.2637196,-97.742363,False,0,0.022177154544142857,0.2800534423043789
PK_401,30.2711639,-97.7489395,False,0,0.06700175630573703,0.5583575710973403
PK_394,30.2692719,-97.7498703,False,0,0.14161691430661855,0.586979732700136
PK_47,30.2626343,-97.7413559,False,0,0.03674659749788883,0.2609968986824405
PK_399,30.2645073,-97.746582,False,0,0.058494116330697246,0.39856750777897787
PK_17,30.2646103,-97.746933,False,0,0.03689135871161631,0.3755516114023068
PK_16,30.2647915,-97.7476578,False,0,0.07234010537172499,0.37646413685738467
PK_48,30.2639065,-97.7421036,False,0,0.05217782065571191,0.3112454965981974
PK_412,30.2636738,-97.7428513,False,0,0.04345864294032697,0.282651980941546
PK_1606,30.2676487,-97.7372437,False,0,0.21300874912204226,0.27823772440633276
PK_67,30.2712383,-97.7362595,False,0,0.33168689403464874,0.40887827151528255
PK_971,30.2686405,-97.7498856,False,0,0.08366208408463079,0.5423452814925431
PK_4,30.2708855,-97.7477722,False,0,0.12367021797779228,0.5472083517564572
PK_642,30.2672253,-97.7492447,False,0,0.09829066481038971,0.45871632010587776
PK_3,30.2706051,-97.7476349,False,0,0.13165551979037793,0.5492029369948909
PK_646,30.2706547,-97.7486267,False,0,0.03770355974986139,0.5399628131147716
PK_372,30.2714481,-97.7431641,False,0,0.05467252005081297,0.5380562867111939
PK_334,30.2662754,-97.7355042,False,0,0.24608200182946793,0.2679334874107447
PK_35,30.2665424,-97.7441406,False,0,0.05096998323371038,0.3956580050612289
PK_650,30.2700844,-97.7507782,False,0,0.08197593866779475,0.5725680255365094
PK_95,30.264204,-97.7455368,False,0,0.0756401553798493,0.39674178499568574
PK_323,30.2659874,-97.7484894,False,0,0.03929301749881215,0.3873121039467592
PK_968,30.2722836,-97.744957,False,0,0.1501412360200624,0.5494745496242954
PK_70,30.2665501,-97.7361374,False,0,0.3135403877511323,0.29833194511014466
PK_46,30.2634163,-97.7420807,False,0,0.029974989510006562,0.3026771772609353
PK_966,30.2726345,-97.7447357,False,0,0.1879907246650352,0.5657656801937362
PK_379,30.2680378,-97.7453461,False,0,0.07122337361743994,0.4195062415993678
PK_375,30.2718086,-97.7433777,False,0,0.08532174637551022,0.5333428678246552
PK_970,30.2684307,-97.7502213,False,0,0.08475857938483322,0.5292752280180619
PK_404,30.2705975,-97.7491989,False,0,0.018989923635866518,0.5294062383405973
PK_409,30.2678566,-97.7462692,False,0,0.038137692168355025,0.40534521709170723
PK_88,30.2686977,-97.7388916,False,0,0.021476740701066477,0.249294157149241
PK_433,30.266367,-97.7421265,False,0,0.07797260492208574,0.3428659741536704
PK_94,30.2666492,-97.746109,False,0,0.03326726848444253,0.37306272361763393
PK_84,30.2708836,-97.7445679,False,0,0.010917727710839634,0.4711672346910648
PK_333,30.269352,-97.7383881,False,0,0.0737706398517867,0.24308999824689834
PK_349,30.2667408,-97.7362137,False,0,0.33160634846254333,0.3189063211375184
PK_961,30.2745571,-97.7436523,False,0,0.3904864074257031,0.7404370237165175
PK_402,30.270937,-97.748909,False,0,0.04248798483439362,0.5495150974453652
PK_434,30.2671928,-97.741806,False,0,0.025860577607596538,0.3776537417568145
PK_357,30.2692909,-97.7402039,False,0,0.07336295285456565,0.414510227799789
PK_387,30.2626266,-97.7435532,False,0,0.03513015291180592,0.3367177904839337
PK_39,30.2655907,-97.743988,False,0,0.06810749186336591,0.34131410479007485
PK_27,30.2738743,-97.7434769,False,0,0.3142750279523055,0.6695690948394156
PK_1607,30.2705154,-97.7409286,False,0,0.17167124937828215,0.5251493183172067
PK_407,30.267025,-97.7415924,False,0,0.013376562592124322,0.3282506487147505
PK_31,30.2709217,-97.740448,False,0,0.23284418470621585,0.5261141784960421
PK_373,30.2716503,-97.7430954,False,0,0.07718791963974105,0.5505229348959294
PK_411,30.2632656,-97.7430038,False,0,0.05345314705515707,0.28322822428893807
PK_1284,30.2694588,-97.7481766,False,0,0.06853202178693979,0.5003294229639275
PK_426,30.2679615,-97.7384644,False,0,0.1124361832460865,0.25930502856838955
PK_1612,30.2654114,-97.7454071,False,0,0.0870387492099013,0.38549863555821173
PK_398,30.2690239,-97.7493591,False,0,0.10209955915922156,0.5571754622256293
PK_322,30.2688847,-97.7464905,False,0,0.064724123311021,0.46036985783742135
PK_64,30.2697144,-97.738121,False,0,0.12079109023003136,0.3057029073224609
PK_34,30.2667999,-97.7445679,False,0,0.033693748958546973,0.38491537803696324
PK_330,30.2682438,-97.7378693,False,0,0.1249378561608679,0.27768047930476863
PK_432,30.2658997,-97.7427597,False,0,0.08618175553330912,0.3220382317945557
PK_364,30.269186,-97.7451935,False,0,0.05944300216982742,0.443898371097225
PK_324,30.2656536,-97.7476578,False,0,0.09053335237334693,0.40064513722641293
PK_430,30.2639713,-97.7418289,False,0,0.07420056466845125,0.34213083544040135
PK_382,30.2683487,-97.7464371,False,0,0.028121288614052276,0.4376629373623686
PK_1604,30.2686825,-97.7373123,False,0,0.1575825457151273,0.26686151825502946
PK_425,30.2674427,-97.7381668,False,0,0.17677368199892513,0.25911440117400575
PK_367,30.2697105,-97.7459259,False,0,0.14008777772323983,0.4964262959846074
PK_325,30.2678223,-97.7452698,False,0,0.06606930975258112,0.4252077982655365
PK_962,30.272831,-97.7438278,False,0,0.20081998904022275,0.6186051367576985
PK_356,30.2688141,-97.7397385,False,0,0.07749377105966533,0.3971413262031186
PK_73,30.265316,-97.7371216,False,0,0.34445686462284764,0.3418572637089032
PK_381,30.2681103,-97.7462234,False,0,0.016073103350058904,0.4327032700290265
PK_36,30.2664967,-97.7436218,False,0,0.10067788012902723,0.35706543865228924
PK_66,30.2713547,-97.7375717,False,0,0.30407104217356223,0.3824920679041105
PK_641,30.2664795,-97.7478409,False,0,0.04517473755668472,0.3974807748254404
PK_1613,30.2604523,-97.7393723,False,0,0.05703667083744054,0.2933066458168258
PK_25,30.2711315,-97.7453613,False,0,0.061303206989128785,0.5135524253137558
PK_374,30.271452,-97.7435074,False,0,0.0449385306501992,0.5143798109951051
PK_18,30.2655983,-97.7462158,False,0,0.04040038652213309,0.3704528757864124
PK_386,30.2689056,-97.7432175,False,0,0.10850271029629974,0.5168821221023685
PK_648,30.2712593,-97.7503433,False,0,0.058217353573033676,0.61185471583465
PK_429,30.2643738,-97.7428513,False,0,0.045677604059186076,0.296315831419476
PK_30,30.2707367,-97.7407608,False,0,0.20020379274839656,0.5121074114068043
PK_329,30.2677307,-97.7383041,False,0,0.142176495948062,0.272927910182912
PK_406,30.2669926,-97.7422409,False,0,0.05026528824235135,0.35810327445346374
PK_332,30.2689705,-97.7382584,False,0,0.06573277478748762,0.23897857919531296
PK_1283,30.269228,-97.7484894,False,0,0.050729044790188346,0.4954260820096962
PK_969,30.268631,-97.746582,False,0,0.058278109937802344,0.4527801762536001
PK_361,30.2707386,-97.739296,False,0,0.20877103161025487,0.5341206863312344
PK_354,30.2690048,-97.7390671,False,0,0.018168444996298466,0.28179780014613
PK_366,30.2694607,-97.7460098,False,0,0.11961398716716991,0.4790747599767916
PK_340,30.2689705,-97.7408295,False,0,0.015051013940493886,0.3789175947610858
PK_347,30.2670002,-97.7338104,False,0,0.2258050747042635,0.30305161640651096
PK_967,30.2725601,-97.7444839,False,0,0.18166172355503,0.5755895494965645
PK_92,30.269146,-97.7518692,False,0,0.039886550318392035,0.532570596578763
PK_339,30.2686081,-97.7406387,False,0,0.029222734865116964,0.3824542631658248
PK_77,30.2668571,-97.7469711,False,0,0.06894968867937007,0.3883537160381369
PK_1282,30.2740536,-97.7370529,False,0,0.2121854427920414,0.4720935351168044
PK_383,30.2685566,-97.7474594,False,0,0.05967388586145153,0.4952374935373714
PK_13,30.2672024,-97.747612,False,0,0.038348116515974154,0.41423438597135864
PK_380,30.2681046,-97.7455978,False,0,0.0464766746337398,0.4335059539480641
